"company","category","size","title","level","city","url","updated"
"DriveNets","Productivity","l","Mechanical NPI & Manufacturing Engineer","Engineer","רעננה","https://www.comeet.com/jobs/drivenets/72.006/mechanical-npi--manufacturing-engineer/95.277?utm_source=techmap&utm_medium=csv&utm_campaign=github&utm_term=apply","2026-10-04"
"SolarEdge Technologies","Sustainable Technology","l","Senior NPI Engineer","Engineer","הרצליה","https://www.comeet.com/jobs/SolarEdge/71.00A/senior-npi-engineer/14.468?utm_source=techmap&utm_medium=csv&utm_campaign=github&utm_term=apply","2026-10-04"
"Retym","Productivity","s","Mixed Signal Verification Engineer","Engineer","תל אביב-יפו","https://www.comeet.com/jobs/retym/C6.003/mixed-signal-verification-engineer/BE.E50?utm_source=techmap&utm_medium=csv&utm_campaign=github&utm_term=apply","2026-10-04"
"Retym","Productivity","s","Senior Verification Engineer","Engineer","תל אביב-יפו","https://www.comeet.com/jobs/retym/C6.003/senior-verification-engineer/6F.A3A?utm_source=techmap&utm_medium=csv&utm_campaign=github&utm_term=apply","2026-10-04"
"Lumenis","Health","l","NPI Engineer","Engineer","יוקנעם עילית","https://www.comeet.com/jobs/lumenis/A1.00C/npi-engineer/98.E6B?utm_source=techmap&utm_medium=csv&utm_campaign=github&utm_term=apply","2026-10-04"
"ACS Motion Control","Robotics & Automation","m","R&D Hardware Engineer (Board Designer)","Engineer","יקנעם עילית","https://www.comeet.com/jobs/ACS/14.000/rd-hardware-engineer-board-designer/FA.16C?utm_source=techmap&utm_medium=csv&utm_campaign=github&utm_term=apply","2026-10-04"
"UVeye","Robotics & Automation","m","Senior Electronics Engineer – PCB & Hardware Design","Engineer","תל אביב-יפו","https://il.linkedin.com/jobs/view/senior-electronics-engineer-%E2%80%93-pcb-hardware-design-at-uveye-4475386008?utm_source=techmap&utm_medium=csv&utm_campaign=github&utm_term=apply","2026-10-04"
"abra","Productivity","l","Senior FPGA Engineer","Engineer","רעננה","https://il.linkedin.com/jobs/view/senior-fpga-engineer-at-abra-4475373302?utm_source=techmap&utm_medium=csv&utm_campaign=github&utm_term=apply","2026-10-04"
"Stratasys","Robotics & Automation","l","Team Leader NPI","Manager","רחובות","https://il.linkedin.com/jobs/view/team-leader-npi-at-stratasys-4450958336?utm_source=techmap&utm_medium=csv&utm_campaign=github&utm_term=apply","2026-10-04"
"Camtek","Semiconductors","l","NPI Procurement Specialist","Engineer","מגדל העמק","https://il.linkedin.com/jobs/view/npi-procurement-specialist-at-camtek-4473461652?utm_source=techmap&utm_medium=csv&utm_campaign=github&utm_term=apply","2026-10-04"
"Israel Aerospace Industries","Aerospace","l","FPGA Verification Engineer","Engineer","לוד","https://il.linkedin.com/jobs/view/fpga-verification-engineer-at-iai-israel-aerospace-industries-4473456948?utm_source=techmap&utm_medium=csv&utm_campaign=github&utm_term=apply","2026-10-04"
"Israel Aerospace Industries","Aerospace","l","Electro-Optics Engineer","Engineer","לוד","https://il.linkedin.com/jobs/view/electro-optics-engineer-at-iai-israel-aerospace-industries-4473478034?utm_source=techmap&utm_medium=csv&utm_campaign=github&utm_term=apply","2026-10-04"
"Israel Aerospace Industries","Aerospace","l","Electro-Optical Sensor Physicist","Engineer","לוד","https://il.linkedin.com/jobs/view/electro-optical-sensor-physicist-at-iai-israel-aerospace-industries-4473465543?utm_source=techmap&utm_medium=csv&utm_campaign=github&utm_term=apply","2026-10-04"
"Israel Aerospace Industries","Aerospace","l","Electro Optical Camera Development Engineer","Engineer","לוד","https://il.linkedin.com/jobs/view/electro-optical-camera-development-engineer-at-iai-israel-aerospace-industries-4473467459?utm_source=techmap&utm_medium=csv&utm_campaign=github&utm_term=apply","2026-10-04"
"Israel Aerospace Industries","Aerospace","l","Electro-Optical Camera Developer","Engineer","לוד","https://il.linkedin.com/jobs/view/electro-optical-camera-developer-at-iai-israel-aerospace-industries-4473469415?utm_source=techmap&utm_medium=csv&utm_campaign=github&utm_term=apply","2026-10-04"
"Israel Aerospace Industries","Aerospace","l","RT Embedded Software Engineer","Engineer","לוד","https://il.linkedin.com/jobs/view/rt-embedded-software-engineer-at-iai-israel-aerospace-industries-4473476102?utm_source=techmap&utm_medium=csv&utm_campaign=github&utm_term=apply","2026-10-04"
"SolarEdge Technologies","Sustainable Technology","l","Field Service Electrician","Engineer","הרצליה","https://www.comeet.com/jobs/SolarEdge/71.00A/field-service-electrician/0D.D63?utm_source=techmap&utm_medium=csv&utm_campaign=github&utm_term=apply","2026-10-03"
"Google","Digital Media","xl","Senior Edge-AI SoC Design Verification Engineer, Google Cloud","Engineer","תל אביב-יפו","https://il.linkedin.com/jobs/view/senior-edge-ai-soc-design-verification-engineer-google-cloud-at-google-4464809088?utm_source=techmap&utm_medium=csv&utm_campaign=github&utm_term=apply","2026-10-03"
"Google","Digital Media","xl","SoC Edge-AI Design Verification Engineer, Google Cloud","Engineer","תל אביב-יפו","https://il.linkedin.com/jobs/view/soc-edge-ai-design-verification-engineer-google-cloud-at-google-4464545162?utm_source=techmap&utm_medium=csv&utm_campaign=github&utm_term=apply","2026-10-03"
"Mobileye","Automotive","l","Experienced DFT Engineer","Engineer","ירושלים","https://il.linkedin.com/jobs/view/experienced-dft-engineer-at-mobileye-4419020242?utm_source=techmap&utm_medium=csv&utm_campaign=github&utm_term=apply","2026-10-03"
"Elbit Systems","Aerospace","l","Senior Board Design Engineer","Engineer","חיפה","https://il.linkedin.com/jobs/view/senior-board-design-engineer-at-elbit-systems-israel-4435663445?utm_source=techmap&utm_medium=csv&utm_campaign=github&utm_term=apply","2026-10-03"
"KLA","Robotics & Automation","l","NPI Optics Engineer","Engineer","מגדל העמק","https://il.linkedin.com/jobs/view/npi-optics-engineer-at-kla-4435674924?utm_source=techmap&utm_medium=csv&utm_campaign=github&utm_term=apply","2026-10-03"
"Elbit Systems","Aerospace","l","RF Engineer","Engineer","חיפה","https://il.linkedin.com/jobs/view/rf-engineer-at-elbit-systems-israel-4375555740?utm_source=techmap&utm_medium=csv&utm_campaign=github&utm_term=apply","2026-10-03"
"Nvidia","AI/ML","l","Manager, Software Verification","Manager","יקנעם עילית","https://il.linkedin.com/jobs/view/manager-software-verification-at-nvidia-4437325452?utm_source=techmap&utm_medium=csv&utm_campaign=github&utm_term=apply","2026-10-03"
"Elbit Systems","Aerospace","l","Electromagnetic Transmission Systems R&D Expert","Engineer","חיפה","https://il.linkedin.com/jobs/view/electromagnetic-transmission-systems-r-d-expert-at-elbit-systems-israel-4389694467?utm_source=techmap&utm_medium=csv&utm_campaign=github&utm_term=apply","2026-10-03"
"Nvidia","AI/ML","l","Senior FC Verification Engineer","Engineer","יקנעם עילית","https://il.linkedin.com/jobs/view/senior-fc-verification-engineer-at-nvidia-4395482306?utm_source=techmap&utm_medium=csv&utm_campaign=github&utm_term=apply","2026-10-03"
"Nvidia","AI/ML","l","Manager, Networking Firmware Verification","Manager","יקנעם עילית","https://il.linkedin.com/jobs/view/manager-networking-firmware-verification-at-nvidia-4428424073?utm_source=techmap&utm_medium=csv&utm_campaign=github&utm_term=apply","2026-10-03"
"Nvidia","AI/ML","l","Senior Network Engineer, System Verification","Engineer","יקנעם עילית","https://il.linkedin.com/jobs/view/senior-network-engineer-system-verification-at-nvidia-4395921029?utm_source=techmap&utm_medium=csv&utm_campaign=github&utm_term=apply","2026-10-03"
"Nvidia","AI/ML","l","Engineering Manager, Network System Validation","Manager","יקנעם עילית","https://il.linkedin.com/jobs/view/engineering-manager-network-system-validation-at-nvidia-4464812414?utm_source=techmap&utm_medium=csv&utm_campaign=github&utm_term=apply","2026-10-03"
"Nvidia","AI/ML","l","Senior Firmware Engineer","Engineer","רעננה","https://il.linkedin.com/jobs/view/senior-firmware-engineer-at-nvidia-4418527444?utm_source=techmap&utm_medium=csv&utm_campaign=github&utm_term=apply","2026-10-03"
"Ceragon Networks","Telecommunications","l","Senior RF & PHY Systems Engineer","Engineer","ראש העין","https://www.comeet.com/jobs/Ceragon/D3.003/senior-rf--phy-systems-engineer/FA.272?utm_source=techmap&utm_medium=csv&utm_campaign=github&utm_term=apply","2026-10-02"
"Infineon","Semiconductors","m","Senior Verification Engineer (f/m/div)","Engineer","נתניה","https://il.linkedin.com/jobs/view/senior-verification-engineer-f-m-div-at-infineon-technologies-4430470188?utm_source=techmap&utm_medium=csv&utm_campaign=github&utm_term=apply","2026-10-02"
"Renesas","Semiconductors","","Staff Verification Engineer","Engineer","בית שמש","https://il.linkedin.com/jobs/view/staff-verification-engineer-at-renesas-electronics-4445006330?utm_source=techmap&utm_medium=csv&utm_campaign=github&utm_term=apply","2026-10-02"
"Cisco Systems","Telecommunications","l","Electrical Post-Silicon Characterization & Validation Engineer","Engineer","נתניה","https://il.linkedin.com/jobs/view/electrical-post-silicon-characterization-validation-engineer-at-cisco-4410063707?utm_source=techmap&utm_medium=csv&utm_campaign=github&utm_term=apply","2026-10-02"
"Nvidia","AI/ML","l","Senior Full Chip Layout and Physical Verification CAD Engineer","Engineer","תל אביב-יפו","https://il.linkedin.com/jobs/view/senior-full-chip-layout-and-physical-verification-cad-engineer-at-nvidia-4428407988?utm_source=techmap&utm_medium=csv&utm_campaign=github&utm_term=apply","2026-10-02"
"Google","Digital Media","xl","SoC Test Engineer Lead, Google Cloud","Manager","תל אביב-יפו","https://il.linkedin.com/jobs/view/soc-test-engineer-lead-google-cloud-at-google-4418266915?utm_source=techmap&utm_medium=csv&utm_campaign=github&utm_term=apply","2026-10-02"
"Nvidia","AI/ML","l","Senior SOC Verification Engineer","Engineer","תל אביב-יפו","https://il.linkedin.com/jobs/view/senior-soc-verification-engineer-at-nvidia-4436275160?utm_source=techmap&utm_medium=csv&utm_campaign=github&utm_term=apply","2026-10-02"
"Google","Digital Media","xl","Silicon Test and DFT Engineer, Google Cloud","Engineer","תל אביב-יפו","https://il.linkedin.com/jobs/view/silicon-test-and-dft-engineer-google-cloud-at-google-4428732095?utm_source=techmap&utm_medium=csv&utm_campaign=github&utm_term=apply","2026-10-02"
"Google","Digital Media","xl","Hardware/Electrical Engineering BS/MS Intern, 2027","Student","תל אביב-יפו","https://il.linkedin.com/jobs/view/hardware-electrical-engineering-bs-ms-intern-2027-at-google-4473366173?utm_source=techmap&utm_medium=csv&utm_campaign=github&utm_term=apply","2026-10-02"
"Elbit Systems","Aerospace","l","Ground Hardware Systems Engineer","Engineer","חיפה","https://il.linkedin.com/jobs/view/ground-hardware-systems-engineer-at-elbit-systems-israel-4463476932?utm_source=techmap&utm_medium=csv&utm_campaign=github&utm_term=apply","2026-10-02"
"Wiliot","IoT","l","Logic Digital Verification Engineer","Engineer","קיסריה","https://www.comeet.com/jobs/wiliot/F6.003/logic-digital-verification-engineer/2A.F46?utm_source=techmap&utm_medium=csv&utm_campaign=github&utm_term=apply","2026-10-01"
"XTEND","Aerospace","m","Embedded Team Lead","Manager","תל אביב-יפו","https://www.comeet.com/jobs/xtend/85.00A/embedded-team-lead/FE.275?utm_source=techmap&utm_medium=csv&utm_campaign=github&utm_term=apply","2026-10-01"
"Retym","Productivity","s","System Validation engineer","Engineer","תל אביב-יפו","https://www.comeet.com/jobs/retym/C6.003/system-validation-engineer/06.44C?utm_source=techmap&utm_medium=csv&utm_campaign=github&utm_term=apply","2026-10-01"
"Magos","Cybersecurity","s","Embedded Application Engineer","Engineer","גבעת ברנר","https://il.linkedin.com/jobs/view/embedded-application-engineer-at-magos-systems-4472914173?utm_source=techmap&utm_medium=csv&utm_campaign=github&utm_term=apply","2026-10-01"
"Mentee Robotics","Robotics & Automation","s","Embedded Engineer (BSP)","Engineer","הרצליה","https://il.linkedin.com/jobs/view/embedded-engineer-bsp-at-mentee-robotics-4472904019?utm_source=techmap&utm_medium=csv&utm_campaign=github&utm_term=apply","2026-10-01"
"Vishay","Semiconductors","l","Electronics Technician","Engineer","מודיעין-מכבים-רעות","https://il.linkedin.com/jobs/view/electronics-technician-at-vishay-intertechnology-inc-4276083465?utm_source=techmap&utm_medium=csv&utm_campaign=github&utm_term=apply","2026-10-01"
"Intel","Semiconductors","l","CPU power Architect","Engineer","חיפה","https://il.linkedin.com/jobs/view/cpu-power-architect-at-intel-4464170037?utm_source=techmap&utm_medium=csv&utm_campaign=github&utm_term=apply","2026-10-01"
"Silicom","Telecommunications","l","System Validation Engineer","Engineer","כפר סבא","https://il.linkedin.com/jobs/view/system-validation-engineer-at-silicom-ltd-connectivity-solutions-4472168917?utm_source=techmap&utm_medium=csv&utm_campaign=github&utm_term=apply","2026-10-01"
"Broadcom","Semiconductors","l","DFT Engineer","Engineer","תל אביב-יפו","https://il.linkedin.com/jobs/view/dft-engineer-at-broadcom-4446080005?utm_source=techmap&utm_medium=csv&utm_campaign=github&utm_term=apply","2026-10-01"
"Camtek","Semiconductors","l","Hardware Manager","Manager","מגדל העמק","https://il.linkedin.com/jobs/view/hardware-manager-at-camtek-4472913129?utm_source=techmap&utm_medium=csv&utm_campaign=github&utm_term=apply","2026-10-01"
"KLA","Robotics & Automation","l","NPI Mechanical Engineer","Engineer","מגדל העמק","https://il.linkedin.com/jobs/view/npi-mechanical-engineer-at-kla-4463024919?utm_source=techmap&utm_medium=csv&utm_campaign=github&utm_term=apply","2026-10-01"
"Israel Aerospace Industries","Aerospace","l","מהנדס/ת וריפיקציה FPGA","Engineer","לוד","https://il.linkedin.com/jobs/view/%D7%9E%D7%94%D7%A0%D7%93%D7%A1-%D7%AA-%D7%95%D7%A8%D7%99%D7%A4%D7%99%D7%A7%D7%A6%D7%99%D7%94-fpga-at-iai-israel-aerospace-industries-4427431382?utm_source=techmap&utm_medium=csv&utm_campaign=github&utm_term=apply","2026-10-01"
"Israel Aerospace Industries","Aerospace","l","מנהל/ת מחלקת FPGA","Manager","לוד","https://il.linkedin.com/jobs/view/%D7%9E%D7%A0%D7%94%D7%9C-%D7%AA-%D7%9E%D7%97%D7%9C%D7%A7%D7%AA-fpga-at-iai-israel-aerospace-industries-4278452857?utm_source=techmap&utm_medium=csv&utm_campaign=github&utm_term=apply","2026-10-01"
"Israel Aerospace Industries","Aerospace","l","מהנדס/ת פיתוח כרטיסים ותכן לוגי ל- FPGA","Engineer","אשדוד","https://il.linkedin.com/jobs/view/%D7%9E%D7%94%D7%A0%D7%93%D7%A1-%D7%AA-%D7%A4%D7%99%D7%AA%D7%95%D7%97-%D7%9B%D7%A8%D7%98%D7%99%D7%A1%D7%99%D7%9D-%D7%95%D7%AA%D7%9B%D7%9F-%D7%9C%D7%95%D7%92%D7%99-%D7%9C-fpga-at-iai-israel-aerospace-industries-4438973985?utm_source=techmap&utm_medium=csv&utm_campaign=github&utm_term=apply","2026-10-01"
"Mobileye","Automotive","l","Hardware Team Lead","Manager","ירושלים","https://il.linkedin.com/jobs/view/hardware-team-lead-at-mobileye-4472571188?utm_source=techmap&utm_medium=csv&utm_campaign=github&utm_term=apply","2026-10-01"
"Israel Aerospace Industries","Aerospace","l","מהנדס/ת פיתוח FPGA","Engineer","לוד","https://il.linkedin.com/jobs/view/%D7%9E%D7%94%D7%A0%D7%93%D7%A1-%D7%AA-%D7%A4%D7%99%D7%AA%D7%95%D7%97-fpga-at-iai-israel-aerospace-industries-4390138279?utm_source=techmap&utm_medium=csv&utm_campaign=github&utm_term=apply","2026-10-01"
"Elbit Systems","Aerospace","l","קדם.ת רכש אלקטרוניקה","Engineer","חיפה","https://il.linkedin.com/jobs/view/%D7%A7%D7%93%D7%9D-%D7%AA-%D7%A8%D7%9B%D7%A9-%D7%90%D7%9C%D7%A7%D7%98%D7%A8%D7%95%D7%A0%D7%99%D7%A7%D7%94-at-elbit-systems-israel-4375566277?utm_source=techmap&utm_medium=csv&utm_campaign=github&utm_term=apply","2026-10-01"
"Nvidia","AI/ML","l","Senior VLSI Engineer","Engineer","תל אביב-יפו","https://il.linkedin.com/jobs/view/senior-vlsi-engineer-at-nvidia-4454925883?utm_source=techmap&utm_medium=csv&utm_campaign=github&utm_term=apply","2026-10-01"
"Israel Aerospace Industries","Aerospace","l","מהנדס/ת ייצור חשמל ואלקטרוניקה","Engineer","לוד","https://il.linkedin.com/jobs/view/%D7%9E%D7%94%D7%A0%D7%93%D7%A1-%D7%AA-%D7%99%D7%99%D7%A6%D7%95%D7%A8-%D7%97%D7%A9%D7%9E%D7%9C-%D7%95%D7%90%D7%9C%D7%A7%D7%98%D7%A8%D7%95%D7%A0%D7%99%D7%A7%D7%94-at-iai-israel-aerospace-industries-4317930376?utm_source=techmap&utm_medium=csv&utm_campaign=github&utm_term=apply","2026-10-01"
"Israel Aerospace Industries","Aerospace","l","מהנדס/ת חשמל ואלקטרוניקה","Engineer","לוד","https://il.linkedin.com/jobs/view/%D7%9E%D7%94%D7%A0%D7%93%D7%A1-%D7%AA-%D7%97%D7%A9%D7%9E%D7%9C-%D7%95%D7%90%D7%9C%D7%A7%D7%98%D7%A8%D7%95%D7%A0%D7%99%D7%A7%D7%94-at-iai-israel-aerospace-industries-4462695210?utm_source=techmap&utm_medium=csv&utm_campaign=github&utm_term=apply","2026-10-01"
"Israel Aerospace Industries","Aerospace","l","מהנדס/ת פיתוח RF מיקרוגל","Engineer","אשדוד","https://il.linkedin.com/jobs/view/%D7%9E%D7%94%D7%A0%D7%93%D7%A1-%D7%AA-%D7%A4%D7%99%D7%AA%D7%95%D7%97-rf-%D7%9E%D7%99%D7%A7%D7%A8%D7%95%D7%92%D7%9C-at-iai-israel-aerospace-industries-4425001871?utm_source=techmap&utm_medium=csv&utm_campaign=github&utm_term=apply","2026-10-01"
"Israel Aerospace Industries","Aerospace","l","מהנדס/ת NPI ייצור אלקטרוני","Engineer","אשדוד","https://il.linkedin.com/jobs/view/%D7%9E%D7%94%D7%A0%D7%93%D7%A1-%D7%AA-npi-%D7%99%D7%99%D7%A6%D7%95%D7%A8-%D7%90%D7%9C%D7%A7%D7%98%D7%A8%D7%95%D7%A0%D7%99-at-iai-israel-aerospace-industries-4330245667?utm_source=techmap&utm_medium=csv&utm_campaign=github&utm_term=apply","2026-10-01"
"Israel Aerospace Industries","Aerospace","l","מהנדס/ת פיתוח כרטיסים משולבים RF & Mix Signal","Engineer","אשדוד","https://il.linkedin.com/jobs/view/%D7%9E%D7%94%D7%A0%D7%93%D7%A1-%D7%AA-%D7%A4%D7%99%D7%AA%D7%95%D7%97-%D7%9B%D7%A8%D7%98%D7%99%D7%A1%D7%99%D7%9D-%D7%9E%D7%A9%D7%95%D7%9C%D7%91%D7%99%D7%9D-rf-mix-signal-at-iai-israel-aerospace-industries-4443480537?utm_source=techmap&utm_medium=csv&utm_campaign=github&utm_term=apply","2026-10-01"
"Israel Aerospace Industries","Aerospace","l","ראש/ת צוות מחלקת תפ""י מיקרואלקטרוניקה","Engineer","אשדוד","https://il.linkedin.com/jobs/view/%D7%A8%D7%90%D7%A9-%D7%AA-%D7%A6%D7%95%D7%95%D7%AA-%D7%9E%D7%97%D7%9C%D7%A7%D7%AA-%D7%AA%D7%A4-%D7%99-%D7%9E%D7%99%D7%A7%D7%A8%D7%95%D7%90%D7%9C%D7%A7%D7%98%D7%A8%D7%95%D7%A0%D7%99%D7%A7%D7%94-at-iai-israel-aerospace-industries-4436036310?utm_source=techmap&utm_medium=csv&utm_campaign=github&utm_term=apply","2026-10-01"
"Israel Aerospace Industries","Aerospace","l","מהנדס/ת תשתיות Hard RT Embedded","Engineer","לוד","https://il.linkedin.com/jobs/view/%D7%9E%D7%94%D7%A0%D7%93%D7%A1-%D7%AA-%D7%AA%D7%A9%D7%AA%D7%99%D7%95%D7%AA-hard-rt-embedded-at-iai-israel-aerospace-industries-4426230594?utm_source=techmap&utm_medium=csv&utm_campaign=github&utm_term=apply","2026-10-01"
"Israel Aerospace Industries","Aerospace","l","מהנדס/ת RT Embedded","Engineer","לוד","https://il.linkedin.com/jobs/view/%D7%9E%D7%94%D7%A0%D7%93%D7%A1-%D7%AA-rt-embedded-at-iai-israel-aerospace-industries-4448548173?utm_source=techmap&utm_medium=csv&utm_campaign=github&utm_term=apply","2026-10-01"
"Israel Aerospace Industries","Aerospace","l","ראש/ת מחלקת תכן אלקטרוניקה לחלל","Engineer","לוד","https://il.linkedin.com/jobs/view/%D7%A8%D7%90%D7%A9-%D7%AA-%D7%9E%D7%97%D7%9C%D7%A7%D7%AA-%D7%AA%D7%9B%D7%9F-%D7%90%D7%9C%D7%A7%D7%98%D7%A8%D7%95%D7%A0%D7%99%D7%A7%D7%94-%D7%9C%D7%97%D7%9C%D7%9C-at-iai-israel-aerospace-industries-4297853631?utm_source=techmap&utm_medium=csv&utm_campaign=github&utm_term=apply","2026-10-01"
"Israel Aerospace Industries","Aerospace","l","מפתח/ת תשתיות למערכות Embedded Hard RT","Engineer","לוד","https://il.linkedin.com/jobs/view/%D7%9E%D7%A4%D7%AA%D7%97-%D7%AA-%D7%AA%D7%A9%D7%AA%D7%99%D7%95%D7%AA-%D7%9C%D7%9E%D7%A2%D7%A8%D7%9B%D7%95%D7%AA-embedded-hard-rt-at-iai-israel-aerospace-industries-4422568155?utm_source=techmap&utm_medium=csv&utm_campaign=github&utm_term=apply","2026-10-01"
"Israel Aerospace Industries","Aerospace","l","מהנדס/ת תוכנה RT Embedded","Engineer","לוד","https://il.linkedin.com/jobs/view/%D7%9E%D7%94%D7%A0%D7%93%D7%A1-%D7%AA-%D7%AA%D7%95%D7%9B%D7%A0%D7%94-rt-embedded-at-iai-israel-aerospace-industries-4454253531?utm_source=techmap&utm_medium=csv&utm_campaign=github&utm_term=apply","2026-10-01"
"Israel Aerospace Industries","Aerospace","l","מהנדס/ת חומרה ותשתיות [76049238]","Engineer","אשדוד","https://il.linkedin.com/jobs/view/%D7%9E%D7%94%D7%A0%D7%93%D7%A1-%D7%AA-%D7%97%D7%95%D7%9E%D7%A8%D7%94-%D7%95%D7%AA%D7%A9%D7%AA%D7%99%D7%95%D7%AA-76049238-at-iai-israel-aerospace-industries-4454243609?utm_source=techmap&utm_medium=csv&utm_campaign=github&utm_term=apply","2026-10-01"
"Israel Aerospace Industries","Aerospace","l","מהנדס/ת אלקטרוניקה","Engineer","אשדוד","https://il.linkedin.com/jobs/view/%D7%9E%D7%94%D7%A0%D7%93%D7%A1-%D7%AA-%D7%90%D7%9C%D7%A7%D7%98%D7%A8%D7%95%D7%A0%D7%99%D7%A7%D7%94-at-iai-israel-aerospace-industries-4437384552?utm_source=techmap&utm_medium=csv&utm_campaign=github&utm_term=apply","2026-10-01"
"Israel Aerospace Industries","Aerospace","l","מהנדס/ת RT Embedded ניווט","Engineer","לוד","https://il.linkedin.com/jobs/view/%D7%9E%D7%94%D7%A0%D7%93%D7%A1-%D7%AA-rt-embedded-%D7%A0%D7%99%D7%95%D7%95%D7%98-at-iai-israel-aerospace-industries-4466883557?utm_source=techmap&utm_medium=csv&utm_campaign=github&utm_term=apply","2026-10-01"
"Israel Aerospace Industries","Aerospace","l","מהנדס/ת מערכת חומרה [76043732]","Engineer","אשדוד","https://il.linkedin.com/jobs/view/%D7%9E%D7%94%D7%A0%D7%93%D7%A1-%D7%AA-%D7%9E%D7%A2%D7%A8%D7%9B%D7%AA-%D7%97%D7%95%D7%9E%D7%A8%D7%94-76043732-at-iai-israel-aerospace-industries-4426087949?utm_source=techmap&utm_medium=csv&utm_campaign=github&utm_term=apply","2026-10-01"
"Israel Aerospace Industries","Aerospace","l","מהנדס/ת פיתוח תוכנת RT-Embedded למערכות סרוו","Engineer","לוד","https://il.linkedin.com/jobs/view/%D7%9E%D7%94%D7%A0%D7%93%D7%A1-%D7%AA-%D7%A4%D7%99%D7%AA%D7%95%D7%97-%D7%AA%D7%95%D7%9B%D7%A0%D7%AA-rt-embedded-%D7%9C%D7%9E%D7%A2%D7%A8%D7%9B%D7%95%D7%AA-%D7%A1%D7%A8%D7%95%D7%95-at-iai-israel-aerospace-industries-4412677491?utm_source=techmap&utm_medium=csv&utm_campaign=github&utm_term=apply","2026-10-01"
"Elbit Systems","Aerospace","l","הנדסאי.ת אלקטרוניקה","Engineer","חיפה","https://il.linkedin.com/jobs/view/%D7%94%D7%A0%D7%93%D7%A1%D7%90%D7%99-%D7%AA-%D7%90%D7%9C%D7%A7%D7%98%D7%A8%D7%95%D7%A0%D7%99%D7%A7%D7%94-at-elbit-systems-israel-4375568296?utm_source=techmap&utm_medium=csv&utm_campaign=github&utm_term=apply","2026-10-01"
"Israel Aerospace Industries","Aerospace","l","מהנדס/ת מערכת חומרה ותשתיות","Engineer","אשדוד","https://il.linkedin.com/jobs/view/%D7%9E%D7%94%D7%A0%D7%93%D7%A1-%D7%AA-%D7%9E%D7%A2%D7%A8%D7%9B%D7%AA-%D7%97%D7%95%D7%9E%D7%A8%D7%94-%D7%95%D7%AA%D7%A9%D7%AA%D7%99%D7%95%D7%AA-at-iai-israel-aerospace-industries-4453999217?utm_source=techmap&utm_medium=csv&utm_campaign=github&utm_term=apply","2026-10-01"
"Israel Aerospace Industries","Aerospace","l","ארכיטקט/ית חומרה","Engineer","אשדוד","https://il.linkedin.com/jobs/view/%D7%90%D7%A8%D7%9B%D7%99%D7%98%D7%A7%D7%98-%D7%99%D7%AA-%D7%97%D7%95%D7%9E%D7%A8%D7%94-at-iai-israel-aerospace-industries-4460043010?utm_source=techmap&utm_medium=csv&utm_campaign=github&utm_term=apply","2026-10-01"
"Elbit Systems","Aerospace","l","Mechanical Engineering Student","Student","חיפה","https://il.linkedin.com/jobs/view/mechanical-engineering-student-at-elbit-systems-israel-4434821905?utm_source=techmap&utm_medium=csv&utm_campaign=github&utm_term=apply","2026-10-01"
"Israel Aerospace Industries","Aerospace","l","מהנדס/ת מערכת חומרה","Engineer","אשדוד","https://il.linkedin.com/jobs/view/%D7%9E%D7%94%D7%A0%D7%93%D7%A1-%D7%AA-%D7%9E%D7%A2%D7%A8%D7%9B%D7%AA-%D7%97%D7%95%D7%9E%D7%A8%D7%94-at-iai-israel-aerospace-industries-4471300027?utm_source=techmap&utm_medium=csv&utm_campaign=github&utm_term=apply","2026-10-01"
"Israel Aerospace Industries","Aerospace","l","סטודנט/ית להנדסת חשמל ואלקטרוניקה","Student","אשדוד","https://il.linkedin.com/jobs/view/%D7%A1%D7%98%D7%95%D7%93%D7%A0%D7%98-%D7%99%D7%AA-%D7%9C%D7%94%D7%A0%D7%93%D7%A1%D7%AA-%D7%97%D7%A9%D7%9E%D7%9C-%D7%95%D7%90%D7%9C%D7%A7%D7%98%D7%A8%D7%95%D7%A0%D7%99%D7%A7%D7%94-at-iai-israel-aerospace-industries-4470402443?utm_source=techmap&utm_medium=csv&utm_campaign=github&utm_term=apply","2026-10-01"
"CEVA","Productivity","l","Formal verification engineer","Engineer","הרצליה","https://www.comeet.com/jobs/ceva/76.005/formal-verification-engineer/5E.173?utm_source=techmap&utm_medium=csv&utm_campaign=github&utm_term=apply","2026-09-30"
"BIRD Aerosystems","Aerospace","m","Hardware Design Engineer (Board Design)","Engineer","הרצליה","https://www.comeet.com/jobs/birdaero/97.006/hardware-design-engineer-board-design/85.86F?utm_source=techmap&utm_medium=csv&utm_campaign=github&utm_term=apply","2026-09-30"
"SolarEdge Technologies","Sustainable Technology","l","Failure Analysis HW Engineer​","Engineer","הרצליה","https://www.comeet.com/jobs/SolarEdge/71.00A/failure-analysis-hw-engineer/32.E6F?utm_source=techmap&utm_medium=csv&utm_campaign=github&utm_term=apply","2026-09-30"
"SolarEdge Technologies","Sustainable Technology","l","Senior Hardware Engineer- Expert Failure Analysis","Engineer","הרצליה","https://www.comeet.com/jobs/SolarEdge/71.00A/senior-hardware-engineer--expert-failure-analysis/F8.263?utm_source=techmap&utm_medium=csv&utm_campaign=github&utm_term=apply","2026-09-30"
"Retym","Productivity","s","Senior MXS Verification Engineer","Engineer","תל אביב-יפו","https://www.comeet.com/jobs/retym/C6.003/senior-mxs-verification-engineer/4A.341?utm_source=techmap&utm_medium=csv&utm_campaign=github&utm_term=apply","2026-09-30"
"HP","Productivity","xl","Procurement NPI Account Lead","Manager","נתניה","https://il.linkedin.com/jobs/view/procurement-npi-account-lead-at-hp-4473908676?utm_source=techmap&utm_medium=csv&utm_campaign=github&utm_term=apply","2026-09-30"
"Arbe","Automotive","m","Chipset System Engineer","Engineer","תל אביב-יפו","https://il.linkedin.com/jobs/view/chipset-system-engineer-at-arbe-4473764293?utm_source=techmap&utm_medium=csv&utm_campaign=github&utm_term=apply","2026-09-30"
"ARM","Semiconductors","m","Senior Verification Engineer","Engineer","רעננה","https://il.linkedin.com/jobs/view/senior-verification-engineer-at-arm-4445169828?utm_source=techmap&utm_medium=csv&utm_campaign=github&utm_term=apply","2026-09-30"
"Cisco Systems","Telecommunications","l","Mechanical Engineering leader","Manager","נתניה","https://il.linkedin.com/jobs/view/mechanical-engineering-leader-at-cisco-4465077879?utm_source=techmap&utm_medium=csv&utm_campaign=github&utm_term=apply","2026-09-30"
"Alma Lasers","Health","l","Electronics Development Team Lead","Manager","קיסריה","https://il.linkedin.com/jobs/view/electronics-development-team-lead-at-alma-lasers-4473766442?utm_source=techmap&utm_medium=csv&utm_campaign=github&utm_term=apply","2026-09-30"
"Qualcomm","Telecommunications","l","Senior Staff Hardware Engineer - Hod Hasharon","Engineer","טירת כרמל","https://il.linkedin.com/jobs/view/senior-staff-hardware-engineer-hod-hasharon-at-qualcomm-4463514263?utm_source=techmap&utm_medium=csv&utm_campaign=github&utm_term=apply","2026-09-30"
"Maytronics","Productivity","l","Import & Export Team Leader","Manager","יזרעאל","https://il.linkedin.com/jobs/view/import-export-team-leader-at-maytronics-4447635712?utm_source=techmap&utm_medium=csv&utm_campaign=github&utm_term=apply","2026-09-30"
"Medtronic","Health","l","Mechanical Engineering Manager","Manager","הרצליה","https://il.linkedin.com/jobs/view/mechanical-engineering-manager-at-medtronic-4473776880?utm_source=techmap&utm_medium=csv&utm_campaign=github&utm_term=apply","2026-09-30"
"Nova Measuring Instruments","Semiconductors","l","HW Expert","Engineer","רחובות","https://il.linkedin.com/jobs/view/hw-expert-at-nova-ltd-4472100948?utm_source=techmap&utm_medium=csv&utm_campaign=github&utm_term=apply","2026-09-30"
"RAD","Telecommunications","l","RT Embedded Engineer #1340","Engineer","תל אביב-יפו","https://il.linkedin.com/jobs/view/rt-embedded-engineer-%231340-at-rad-4473786990?utm_source=techmap&utm_medium=csv&utm_campaign=github&utm_term=apply","2026-09-30"
"Qualcomm","Telecommunications","l","Firmware Engineer – 5G Modem - Hod HaSharon","Engineer","טירת כרמל","https://il.linkedin.com/jobs/view/firmware-engineer-%E2%80%93-5g-modem-hod-hasharon-at-qualcomm-4463502332?utm_source=techmap&utm_medium=csv&utm_campaign=github&utm_term=apply","2026-09-30"
"Elbit Systems","Aerospace","l","Senior mechanical engineer","Engineer","חיפה","https://il.linkedin.com/jobs/view/senior-mechanical-engineer-at-elbit-systems-israel-4442399127?utm_source=techmap&utm_medium=csv&utm_campaign=github&utm_term=apply","2026-09-30"
"Mobileye","Automotive","l","HW R&D Director","Executive","ירושלים","https://il.linkedin.com/jobs/view/hw-r-d-director-at-mobileye-4471998680?utm_source=techmap&utm_medium=csv&utm_campaign=github&utm_term=apply","2026-09-30"
"Google","Digital Media","xl","Senior SOC DFT Engineer, Google Cloud","Engineer","תל אביב-יפו","https://il.linkedin.com/jobs/view/senior-soc-dft-engineer-google-cloud-at-google-4463525085?utm_source=techmap&utm_medium=csv&utm_campaign=github&utm_term=apply","2026-09-30"
"Mobileye","Automotive","l","Embedded Integrator","Engineer","ירושלים","https://il.linkedin.com/jobs/view/embedded-integrator-at-mobileye-4471999684?utm_source=techmap&utm_medium=csv&utm_campaign=github&utm_term=apply","2026-09-30"
"Mobileye","Automotive","l","Experience Embedded Integrator","Engineer","ירושלים","https://il.linkedin.com/jobs/view/experience-embedded-integrator-at-mobileye-4472311260?utm_source=techmap&utm_medium=csv&utm_campaign=github&utm_term=apply","2026-09-30"
"Google","Digital Media","xl","Networking Silicon Architect, Google Cloud","Engineer","תל אביב-יפו","https://il.linkedin.com/jobs/view/networking-silicon-architect-google-cloud-at-google-4471996605?utm_source=techmap&utm_medium=csv&utm_campaign=github&utm_term=apply","2026-09-30"
"Mobileye","Automotive","l","Validation Engineer & Embedded System Integration","Engineer","ירושלים","https://il.linkedin.com/jobs/view/validation-engineer-embedded-system-integration-at-mobileye-4417591982?utm_source=techmap&utm_medium=csv&utm_campaign=github&utm_term=apply","2026-09-30"
"Nvidia","AI/ML","l","Senior DFT Verification Engineer","Engineer","תל אביב-יפו","https://il.linkedin.com/jobs/view/senior-dft-verification-engineer-at-nvidia-4471963881?utm_source=techmap&utm_medium=csv&utm_campaign=github&utm_term=apply","2026-09-30"
"Nvidia","AI/ML","l","Senior Hardware Architect","Engineer","יקנעם עילית","https://il.linkedin.com/jobs/view/senior-hardware-architect-at-nvidia-4471966778?utm_source=techmap&utm_medium=csv&utm_campaign=github&utm_term=apply","2026-09-30"
"Elbit Systems","Aerospace","l","NPI Engineer","Engineer","חיפה","https://il.linkedin.com/jobs/view/npi-engineer-at-elbit-systems-israel-4453423540?utm_source=techmap&utm_medium=csv&utm_campaign=github&utm_term=apply","2026-09-30"
"KLA","Robotics & Automation","l","System HW Computer Engineer","Engineer","מגדל העמק","https://il.linkedin.com/jobs/view/system-hw-computer-engineer-at-kla-4433798541?utm_source=techmap&utm_medium=csv&utm_campaign=github&utm_term=apply","2026-09-30"
"Cardo Systems","Telecommunications","m","Junior Hardware Engineer","Engineer","רעננה","https://www.comeet.com/jobs/cardosystems/F2.003/junior-hardware-engineer/E2.371?utm_source=techmap&utm_medium=csv&utm_campaign=github&utm_term=apply","2026-09-29"
"Retym","Productivity","s","VLSI DFT Team Leader","Manager","תל אביב-יפו","https://www.comeet.com/jobs/retym/C6.003/vlsi-dft-team-leader/BD.42D?utm_source=techmap&utm_medium=csv&utm_campaign=github&utm_term=apply","2026-09-29"
"proteanTecs","AI/ML","l","Senior Design Verification Engineer","Engineer","חיפה","https://il.linkedin.com/jobs/view/senior-design-verification-engineer-at-proteantecs-4461753117?utm_source=techmap&utm_medium=csv&utm_campaign=github&utm_term=apply","2026-09-29"
"Nuvoton","Semiconductors","l","Hardware Application Engineer","Engineer","הרצליה","https://il.linkedin.com/jobs/view/hardware-application-engineer-at-nuvoton-technology-israel-ltd-4454015144?utm_source=techmap&utm_medium=csv&utm_campaign=github&utm_term=apply","2026-09-29"
"Beewise","Robotics & Automation","m","Mechanical Engineer","Engineer","בית העמק","https://il.linkedin.com/jobs/view/mechanical-engineer-at-beewise-4473248328?utm_source=techmap&utm_medium=csv&utm_campaign=github&utm_term=apply","2026-09-29"
"Elbit Systems","Aerospace","l","FPGA Engineer","Engineer","חיפה","https://il.linkedin.com/jobs/view/fpga-engineer-at-elbit-systems-israel-4462212907?utm_source=techmap&utm_medium=csv&utm_campaign=github&utm_term=apply","2026-09-29"
"ARM","Semiconductors","m","Staff GPU Verification Engineer","Engineer","רעננה","https://il.linkedin.com/jobs/view/staff-gpu-verification-engineer-at-arm-4387729093?utm_source=techmap&utm_medium=csv&utm_campaign=github&utm_term=apply","2026-09-29"
"Mobileye","Automotive","l","Experienced Formal Verification  Engineer","Engineer","ירושלים","https://il.linkedin.com/jobs/view/experienced-formal-verification-engineer-at-mobileye-4360115167?utm_source=techmap&utm_medium=csv&utm_campaign=github&utm_term=apply","2026-09-29"
"Google","Digital Media","xl","Senior SoC Formal Verification Engineer, Google Cloud","Engineer","תל אביב-יפו","https://il.linkedin.com/jobs/view/senior-soc-formal-verification-engineer-google-cloud-at-google-4471297860?utm_source=techmap&utm_medium=csv&utm_campaign=github&utm_term=apply","2026-09-29"
"Google","Digital Media","xl","Edge-AI SOC Verification Lead, Google Cloud","Manager","תל אביב-יפו","https://il.linkedin.com/jobs/view/edge-ai-soc-verification-lead-google-cloud-at-google-4462969759?utm_source=techmap&utm_medium=csv&utm_campaign=github&utm_term=apply","2026-09-29"
"Mobileye","Automotive","l","Experienced SoC Verification Engineer","Engineer","ירושלים","https://il.linkedin.com/jobs/view/experienced-soc-verification-engineer-at-mobileye-4377261104?utm_source=techmap&utm_medium=csv&utm_campaign=github&utm_term=apply","2026-09-29"
"Nvidia","AI/ML","l","Senior NPI Engineering Build Manager","Manager","יקנעם עילית","https://il.linkedin.com/jobs/view/senior-npi-engineering-build-manager-at-nvidia-4471562965?utm_source=techmap&utm_medium=csv&utm_campaign=github&utm_term=apply","2026-09-29"
"Google","Digital Media","xl","CPU Design Verification Engineer, Google Cloud","Engineer","תל אביב-יפו","https://il.linkedin.com/jobs/view/cpu-design-verification-engineer-google-cloud-at-google-4463259232?utm_source=techmap&utm_medium=csv&utm_campaign=github&utm_term=apply","2026-09-29"
"Cisco Systems","Telecommunications","l","Junior Hardware Engineer - Signal & Power Integrity - Israel - ETR","Engineer","נתניה","https://il.linkedin.com/jobs/view/junior-hardware-engineer-signal-power-integrity-israel-etr-at-cisco-4464620778?utm_source=techmap&utm_medium=csv&utm_campaign=github&utm_term=apply","2026-09-29"
"Medtronic","Health","l","Senior Analog and RF Engineer","Engineer","הרצליה","https://il.linkedin.com/jobs/view/senior-analog-and-rf-engineer-at-medtronic-4473216034?utm_source=techmap&utm_medium=csv&utm_campaign=github&utm_term=apply","2026-09-29"
"Philips","Health","l","Senior Mechanical Engineer","Engineer","חיפה","https://il.linkedin.com/jobs/view/senior-mechanical-engineer-at-philips-4444824536?utm_source=techmap&utm_medium=csv&utm_campaign=github&utm_term=apply","2026-09-29"
"Google","Digital Media","xl","Senior DFT Lead","Manager","תל אביב-יפו","https://il.linkedin.com/jobs/view/senior-dft-lead-at-google-4463257251?utm_source=techmap&utm_medium=csv&utm_campaign=github&utm_term=apply","2026-09-29"
"Rafael Advanced Defense Systems","Aerospace","l","Electro-optical system engineer","Engineer","חיפה","https://il.linkedin.com/jobs/view/electro-optical-system-engineer-at-rafael-advanced-defense-systems-4408738387?utm_source=techmap&utm_medium=csv&utm_campaign=github&utm_term=apply","2026-09-29"
"Mobileye","Automotive","l","System validation engineer","Engineer","ירושלים","https://il.linkedin.com/jobs/view/system-validation-engineer-at-mobileye-4471915185?utm_source=techmap&utm_medium=csv&utm_campaign=github&utm_term=apply","2026-09-29"
"Mobileye","Automotive","l","Validation Engineer & Embedded System Integration (Temporary Position - Maternity Leave)","Engineer","ירושלים","https://il.linkedin.com/jobs/view/validation-engineer-embedded-system-integration-temporary-position-maternity-leave-at-mobileye-4471917135?utm_source=techmap&utm_medium=csv&utm_campaign=github&utm_term=apply","2026-09-29"
"Nvidia","AI/ML","l","Senior Software Verification Engineer","Engineer","תל אביב-יפו","https://il.linkedin.com/jobs/view/senior-software-verification-engineer-at-nvidia-4471580157?utm_source=techmap&utm_medium=csv&utm_campaign=github&utm_term=apply","2026-09-29"
"Nvidia","AI/ML","l","Senior Firmware Architect, Management Power and Thermal","Engineer","תל אביב-יפו","https://il.linkedin.com/jobs/view/senior-firmware-architect-management-power-and-thermal-at-nvidia-4454457225?utm_source=techmap&utm_medium=csv&utm_campaign=github&utm_term=apply","2026-09-29"
"Elbit Systems","Aerospace","l","Electro‑Optics Development Technician","Engineer","חיפה","https://il.linkedin.com/jobs/view/electro%E2%80%91optics-development-technician-at-elbit-systems-israel-4375561451?utm_source=techmap&utm_medium=csv&utm_campaign=github&utm_term=apply","2026-09-29"
"Elbit Systems","Aerospace","l","מהנדס.ת חומרה לצבדים","Engineer","חיפה","https://il.linkedin.com/jobs/view/%D7%9E%D7%94%D7%A0%D7%93%D7%A1-%D7%AA-%D7%97%D7%95%D7%9E%D7%A8%D7%94-%D7%9C%D7%A6%D7%91%D7%93%D7%99%D7%9D-at-elbit-systems-israel-4433939215?utm_source=techmap&utm_medium=csv&utm_campaign=github&utm_term=apply","2026-09-29"
"Wiliot","IoT","l","Firmware Engineer","Engineer","קיסריה","https://www.comeet.com/jobs/wiliot/F6.003/firmware-engineer/6A.D6D?utm_source=techmap&utm_medium=csv&utm_campaign=github&utm_term=apply","2026-09-28"
"SolarEdge Technologies","Sustainable Technology","l","Hardware Team Leader","Manager","הרצליה","https://www.comeet.com/jobs/SolarEdge/71.00A/hardware-team-leader/F3.C62?utm_source=techmap&utm_medium=csv&utm_campaign=github&utm_term=apply","2026-09-28"
"SolarEdge Technologies","Sustainable Technology","l","Mechanical Engineer","Engineer","הרצליה","https://www.comeet.com/jobs/SolarEdge/71.00A/mechanical-engineer/18.E60?utm_source=techmap&utm_medium=csv&utm_campaign=github&utm_term=apply","2026-09-28"
"Xsight Labs","Semiconductors","m","Senior Post Silicon Test Engineer","Engineer","קרית גת","https://il.linkedin.com/jobs/view/senior-post-silicon-test-engineer-at-xsight-labs-4455160887?utm_source=techmap&utm_medium=csv&utm_campaign=github&utm_term=apply","2026-09-28"
"Xsight Labs","Semiconductors","m","Senior DFT Engineer","Engineer","קרית גת","https://il.linkedin.com/jobs/view/senior-dft-engineer-at-xsight-labs-4463326272?utm_source=techmap&utm_medium=csv&utm_campaign=github&utm_term=apply","2026-09-28"
"Xsight Labs","Semiconductors","m","Post Silicon Test Engineer","Engineer","קרית גת","https://il.linkedin.com/jobs/view/post-silicon-test-engineer-at-xsight-labs-4467276160?utm_source=techmap&utm_medium=csv&utm_campaign=github&utm_term=apply","2026-09-28"
"Quantum Machines","IoT","m","Verification Engineer","Engineer","תל אביב-יפו","https://il.linkedin.com/jobs/view/verification-engineer-at-quantum-machines-4329759868?utm_source=techmap&utm_medium=csv&utm_campaign=github&utm_term=apply","2026-09-28"
"Netline","Cybersecurity","m","FPGA","Engineer","תל אביב-יפו","https://il.linkedin.com/jobs/view/fpga-at-netline-communications-technologies-nct-4472717080?utm_source=techmap&utm_medium=csv&utm_campaign=github&utm_term=apply","2026-09-28"
"Xsight Labs","Semiconductors","m","Senior Hardware Engineer / Hardware Architect – High-Speed Board Design","Engineer","קרית גת","https://il.linkedin.com/jobs/view/senior-hardware-engineer-hardware-architect-%E2%80%93-high-speed-board-design-at-xsight-labs-4455180214?utm_source=techmap&utm_medium=csv&utm_campaign=github&utm_term=apply","2026-09-28"
"Nuvoton","Semiconductors","l","SoC Validation Team Leader","Manager","הרצליה","https://il.linkedin.com/jobs/view/soc-validation-team-leader-at-nuvoton-technology-israel-ltd-4448823260?utm_source=techmap&utm_medium=csv&utm_campaign=github&utm_term=apply","2026-09-28"
"IRP Systems","Productivity","m","Electronic Engineer","Engineer","נס ציונה","https://il.linkedin.com/jobs/view/electronic-engineer-at-irp-systems-4472715571?utm_source=techmap&utm_medium=csv&utm_campaign=github&utm_term=apply","2026-09-28"
"Nvidia","AI/ML","l","Director, Reliability Hardware System","Executive","יקנעם עילית","https://il.linkedin.com/jobs/view/director-reliability-hardware-system-at-nvidia-4395471427?utm_source=techmap&utm_medium=csv&utm_campaign=github&utm_term=apply","2026-09-28"
"Wiz","Cybersecurity","l","Expert Backend Engineer","Engineer","תל אביב-יפו","https://il.linkedin.com/jobs/view/expert-backend-engineer-at-wiz-4406741530?utm_source=techmap&utm_medium=csv&utm_campaign=github&utm_term=apply","2026-09-28"
"CONTROP Precision Technologies","Aerospace","l","Electro-Optical Systems Engineer","Engineer","הוד השרון","https://il.linkedin.com/jobs/view/electro-optical-systems-engineer-at-controp-precision-technologies-ltd-4471369868?utm_source=techmap&utm_medium=csv&utm_campaign=github&utm_term=apply","2026-09-28"
"Mobileye","Automotive","l","Senior HW Board Design Engineer","Engineer","ירושלים","https://il.linkedin.com/jobs/view/senior-hw-board-design-engineer-at-mobileye-4453985398?utm_source=techmap&utm_medium=csv&utm_campaign=github&utm_term=apply","2026-09-28"
"Oracle","Cloud Computing","l","Network Developer (Physical Networking Operations)","Engineer","פתח תקווה","https://il.linkedin.com/jobs/view/network-developer-physical-networking-operations-at-oracle-4472711207?utm_source=techmap&utm_medium=csv&utm_campaign=github&utm_term=apply","2026-09-28"
"Nvidia","AI/ML","l","Senior VLSI Integration Engineer","Engineer","יקנעם עילית","https://il.linkedin.com/jobs/view/senior-vlsi-integration-engineer-at-nvidia-4395474381?utm_source=techmap&utm_medium=csv&utm_campaign=github&utm_term=apply","2026-09-28"
"Oracle","Cloud Computing","l","Senior Network Developer (Physical Networking Operations)","Engineer","פתח תקווה","https://il.linkedin.com/jobs/view/senior-network-developer-physical-networking-operations-at-oracle-4472702752?utm_source=techmap&utm_medium=csv&utm_campaign=github&utm_term=apply","2026-09-28"
"Oracle","Cloud Computing","l","Principal Network Developer (Physical Networking Operations)","Engineer","פתח תקווה","https://il.linkedin.com/jobs/view/principal-network-developer-physical-networking-operations-at-oracle-4472497829?utm_source=techmap&utm_medium=csv&utm_campaign=github&utm_term=apply","2026-09-28"
"Qualcomm","Telecommunications","l","System Validation Engineer, Senior","Engineer","טירת כרמל","https://il.linkedin.com/jobs/view/system-validation-engineer-senior-at-qualcomm-4417141620?utm_source=techmap&utm_medium=csv&utm_campaign=github&utm_term=apply","2026-09-28"
"Mobileye","Automotive","l","Real-Time Embedded SW Engineer","Engineer","ירושלים","https://il.linkedin.com/jobs/view/real-time-embedded-sw-engineer-at-mobileye-4471335495?utm_source=techmap&utm_medium=csv&utm_campaign=github&utm_term=apply","2026-09-28"
"Philips","Health","l","Verification Engineer","Engineer","חיפה","https://il.linkedin.com/jobs/view/verification-engineer-at-philips-4471386146?utm_source=techmap&utm_medium=csv&utm_campaign=github&utm_term=apply","2026-09-28"
"Nvidia","AI/ML","l","NPI Engineer, Chip","Engineer","יקנעם עילית","https://il.linkedin.com/jobs/view/npi-engineer-chip-at-nvidia-4462904121?utm_source=techmap&utm_medium=csv&utm_campaign=github&utm_term=apply","2026-09-28"
"Nvidia","AI/ML","l","Chip Design Verification Engineer","Engineer","תל אביב-יפו","https://il.linkedin.com/jobs/view/chip-design-verification-engineer-at-nvidia-4395475361?utm_source=techmap&utm_medium=csv&utm_campaign=github&utm_term=apply","2026-09-28"
"Nvidia","AI/ML","l","Senior Board Design Engineer, Sustain","Engineer","יקנעם עילית","https://il.linkedin.com/jobs/view/senior-board-design-engineer-sustain-at-nvidia-4395490077?utm_source=techmap&utm_medium=csv&utm_campaign=github&utm_term=apply","2026-09-28"
"Nvidia","AI/ML","l","Firmware Engineer – Ethernet Switching","Engineer","תל אביב-יפו","https://il.linkedin.com/jobs/view/firmware-engineer-%E2%80%93-ethernet-switching-at-nvidia-4395489437?utm_source=techmap&utm_medium=csv&utm_campaign=github&utm_term=apply","2026-09-28"
"Nvidia","AI/ML","l","Senior DFT ATPG Engineer","Engineer","יקנעם עילית","https://il.linkedin.com/jobs/view/senior-dft-atpg-engineer-at-nvidia-4395470807?utm_source=techmap&utm_medium=csv&utm_campaign=github&utm_term=apply","2026-09-28"
"Nvidia","AI/ML","l","SoC Power Architect","Engineer","תל אביב-יפו","https://il.linkedin.com/jobs/view/soc-power-architect-at-nvidia-4395486260?utm_source=techmap&utm_medium=csv&utm_campaign=github&utm_term=apply","2026-09-28"
"KLA","Robotics & Automation","l","Electrical, Electronics & Control Systems Practical Engineer","Engineer","מגדל העמק","https://il.linkedin.com/jobs/view/electrical-electronics-control-systems-practical-engineer-at-kla-4461899474?utm_source=techmap&utm_medium=csv&utm_campaign=github&utm_term=apply","2026-09-28"
"Elbit Systems","Aerospace","l","Electronics Technician for Civil Aviation","Engineer","חיפה","https://il.linkedin.com/jobs/view/electronics-technician-for-civil-aviation-at-elbit-systems-israel-4385000205?utm_source=techmap&utm_medium=csv&utm_campaign=github&utm_term=apply","2026-09-28"
"SolarEdge Technologies","Sustainable Technology","l","Hardware Engineer - High Power","Engineer","הרצליה","https://www.comeet.com/jobs/SolarEdge/71.00A/hardware-engineer---high-power/D7.766?utm_source=techmap&utm_medium=csv&utm_campaign=github&utm_term=apply","2026-09-27"
"hiSky SCS","Telecommunications","m","Electro-Mechanical Assembly & Integration Technician","Engineer","ראש העין","https://il.linkedin.com/jobs/view/electro-mechanical-assembly-integration-technician-at-hisky-4471082764?utm_source=techmap&utm_medium=csv&utm_campaign=github&utm_term=apply","2026-09-27"
"Mego Afek","Health","m","Software & Firmware Team Manager","Manager","אפק","https://il.linkedin.com/jobs/view/software-firmware-team-manager-at-mego-afek-ac-ltd-4471082737?utm_source=techmap&utm_medium=csv&utm_campaign=github&utm_term=apply","2026-09-27"
"Nvidia","AI/ML","l","Mechanical Team Manager","Manager","יקנעם עילית","https://il.linkedin.com/jobs/view/mechanical-team-manager-at-nvidia-4395484256?utm_source=techmap&utm_medium=csv&utm_campaign=github&utm_term=apply","2026-09-27"
"Mobileye","Automotive","l","Electrical Validation & Embedded SW Engineer","Engineer","ירושלים","https://il.linkedin.com/jobs/view/electrical-validation-embedded-sw-engineer-at-mobileye-4471082777?utm_source=techmap&utm_medium=csv&utm_campaign=github&utm_term=apply","2026-09-27"
"Nvidia","AI/ML","l","Senior Chip Design Hardware Emulation Engineer","Engineer","תל אביב-יפו","https://il.linkedin.com/jobs/view/senior-chip-design-hardware-emulation-engineer-at-nvidia-4395491326?utm_source=techmap&utm_medium=csv&utm_campaign=github&utm_term=apply","2026-09-27"
"Nvidia","AI/ML","l","Senior DFT Engineer","Engineer","יקנעם עילית","https://il.linkedin.com/jobs/view/senior-dft-engineer-at-nvidia-4395484498?utm_source=techmap&utm_medium=csv&utm_campaign=github&utm_term=apply","2026-09-27"
"Nvidia","AI/ML","l","System Validation Engineer","Engineer","יקנעם עילית","https://il.linkedin.com/jobs/view/system-validation-engineer-at-nvidia-4395487172?utm_source=techmap&utm_medium=csv&utm_campaign=github&utm_term=apply","2026-09-27"
"Nvidia","AI/ML","l","Hardware Performance Modeling Architect","Engineer","תל אביב-יפו","https://il.linkedin.com/jobs/view/hardware-performance-modeling-architect-at-nvidia-4395483526?utm_source=techmap&utm_medium=csv&utm_campaign=github&utm_term=apply","2026-09-27"
"SolarEdge Technologies","Sustainable Technology","l","Hardware Engineer","Engineer","הרצליה","https://www.comeet.com/jobs/SolarEdge/71.00A/hardware-engineer/A1.361?utm_source=techmap&utm_medium=csv&utm_campaign=github&utm_term=apply","2026-09-26"
"SolarEdge Technologies","Sustainable Technology","l","Mechanical Practical Engineer","Engineer","הרצליה","https://www.comeet.com/jobs/SolarEdge/71.00A/mechanical-practical-engineer/08.E6F?utm_source=techmap&utm_medium=csv&utm_campaign=github&utm_term=apply","2026-09-26"
"Altair","AI/ML","xs","Hardware Engineer","Engineer","יקנעם עילית","https://www.comeet.com/jobs/altair_semiconductor/88.003/hardware-engineer/05.27C?utm_source=techmap&utm_medium=csv&utm_campaign=github&utm_term=apply","2026-09-26"
"Nvidia","AI/ML","l","Senior Chip Design Verification Engineer","Engineer","תל אביב-יפו","https://il.linkedin.com/jobs/view/senior-chip-design-verification-engineer-at-nvidia-4395482534?utm_source=techmap&utm_medium=csv&utm_campaign=github&utm_term=apply","2026-09-26"
"Nvidia","AI/ML","l","Senior Verification Engineer, Chip Design","Engineer","יקנעם עילית","https://il.linkedin.com/jobs/view/senior-verification-engineer-chip-design-at-nvidia-4395474402?utm_source=techmap&utm_medium=csv&utm_campaign=github&utm_term=apply","2026-09-26"
"Nvidia","AI/ML","l","Manager, DFT Architecture","Manager","יקנעם עילית","https://il.linkedin.com/jobs/view/manager-dft-architecture-at-nvidia-4395489184?utm_source=techmap&utm_medium=csv&utm_campaign=github&utm_term=apply","2026-09-26"
"Nvidia","AI/ML","l","Manager, DFT - Post Silicon","Manager","רעננה","https://il.linkedin.com/jobs/view/manager-dft-post-silicon-at-nvidia-4453280621?utm_source=techmap&utm_medium=csv&utm_campaign=github&utm_term=apply","2026-09-26"
"Nvidia","AI/ML","l","Principal Verification Chip Design Engineer","Engineer","תל אביב-יפו","https://il.linkedin.com/jobs/view/principal-verification-chip-design-engineer-at-nvidia-4395478299?utm_source=techmap&utm_medium=csv&utm_campaign=github&utm_term=apply","2026-09-26"
"Elbit Systems","Aerospace","l","מהנדס.ת פיתוח חומרה","Engineer","חיפה","https://il.linkedin.com/jobs/view/%D7%9E%D7%94%D7%A0%D7%93%D7%A1-%D7%AA-%D7%A4%D7%99%D7%AA%D7%95%D7%97-%D7%97%D7%95%D7%9E%D7%A8%D7%94-at-elbit-systems-israel-4432768311?utm_source=techmap&utm_medium=csv&utm_campaign=github&utm_term=apply","2026-09-26"
"Nvidia","AI/ML","l","Manager, Hardware and System Development Engineering","Manager","יקנעם עילית","https://il.linkedin.com/jobs/view/manager-hardware-and-system-development-engineering-at-nvidia-4395477280?utm_source=techmap&utm_medium=csv&utm_campaign=github&utm_term=apply","2026-09-26"
"Nvidia","AI/ML","l","Manager, Networking Firmware Engineering","Manager","יקנעם עילית","https://il.linkedin.com/jobs/view/manager-networking-firmware-engineering-at-nvidia-4443432636?utm_source=techmap&utm_medium=csv&utm_campaign=github&utm_term=apply","2026-09-26"
"Nvidia","AI/ML","l","FC Verification Engineer","Engineer","יקנעם עילית","https://il.linkedin.com/jobs/view/fc-verification-engineer-at-nvidia-4453737428?utm_source=techmap&utm_medium=csv&utm_campaign=github&utm_term=apply","2026-09-26"
"Nvidia","AI/ML","l","Senior Networking FW Application Engineer","Engineer","יקנעם עילית","https://il.linkedin.com/jobs/view/senior-networking-fw-application-engineer-at-nvidia-4395474414?utm_source=techmap&utm_medium=csv&utm_campaign=github&utm_term=apply","2026-09-26"
"Google","Digital Media","xl","Senior CPU Design Verification Engineer, Google Cloud","Engineer","תל אביב-יפו","https://il.linkedin.com/jobs/view/senior-cpu-design-verification-engineer-google-cloud-at-google-4432346930?utm_source=techmap&utm_medium=csv&utm_campaign=github&utm_term=apply","2026-09-25"
"Qualcomm","Telecommunications","l","Senior DSP FW Engineer - Kfar-Netter, Israel","Engineer","טירת כרמל","https://il.linkedin.com/jobs/view/senior-dsp-fw-engineer-kfar-netter-israel-at-qualcomm-4415900958?utm_source=techmap&utm_medium=csv&utm_campaign=github&utm_term=apply","2026-09-25"
"Google","Digital Media","xl","Senior SoC Test Engineer, Google Cloud","Engineer","תל אביב-יפו","https://il.linkedin.com/jobs/view/senior-soc-test-engineer-google-cloud-at-google-4425891047?utm_source=techmap&utm_medium=csv&utm_campaign=github&utm_term=apply","2026-09-25"
"Nvidia","AI/ML","l","Senior Firmware SerDes Verification Engineer","Engineer","יקנעם עילית","https://il.linkedin.com/jobs/view/senior-firmware-serdes-verification-engineer-at-nvidia-4395479334?utm_source=techmap&utm_medium=csv&utm_campaign=github&utm_term=apply","2026-09-25"
"Elbit Systems","Aerospace","l","Electromechanical Engineer","Engineer","חיפה","https://il.linkedin.com/jobs/view/electromechanical-engineer-at-elbit-systems-israel-4440464945?utm_source=techmap&utm_medium=csv&utm_campaign=github&utm_term=apply","2026-09-25"
"KLA","Robotics & Automation","l","Electronics Engineer","Engineer","מגדל העמק","https://il.linkedin.com/jobs/view/electronics-engineer-at-kla-4432701473?utm_source=techmap&utm_medium=csv&utm_campaign=github&utm_term=apply","2026-09-25"
"DormoTech Medical","Health","xs","Hardware and Firmware Engineer","Engineer","עפולה","https://il.linkedin.com/jobs/view/hardware-and-firmware-engineer-at-dormotech-4470155136?utm_source=techmap&utm_medium=csv&utm_campaign=github&utm_term=apply","2026-09-25"
"Nvidia","AI/ML","l","Senior Software Engineer - Embedded CPU SDK","Engineer","תל אביב-יפו","https://il.linkedin.com/jobs/view/senior-software-engineer-embedded-cpu-sdk-at-nvidia-4461937429?utm_source=techmap&utm_medium=csv&utm_campaign=github&utm_term=apply","2026-09-25"
"Nvidia","AI/ML","l","Senior Switch System Validation Engineer","Engineer","תל אביב-יפו","https://il.linkedin.com/jobs/view/senior-switch-system-validation-engineer-at-nvidia-4395468595?utm_source=techmap&utm_medium=csv&utm_campaign=github&utm_term=apply","2026-09-25"
"Elbit Systems","Aerospace","l","Student Hardware Engineer","Student","חיפה","https://il.linkedin.com/jobs/view/student-hardware-engineer-at-elbit-systems-israel-4450161228?utm_source=techmap&utm_medium=csv&utm_campaign=github&utm_term=apply","2026-09-25"
"DriveNets","Productivity","l","System Validation Engineer","Engineer","רעננה","https://www.comeet.com/jobs/drivenets/72.006/system-validation-engineer/8C.067?utm_source=techmap&utm_medium=csv&utm_campaign=github&utm_term=apply","2026-09-24"
"SolarEdge Technologies","Sustainable Technology","l","Embedded Platform Software Team Leader","Manager","הרצליה","https://www.comeet.com/jobs/SolarEdge/71.00A/embedded-platform-software-team-leader/07.E6F?utm_source=techmap&utm_medium=csv&utm_campaign=github&utm_term=apply","2026-09-24"
"nT-Tao","Sustainable Technology","s","Team lead of Power Electronics","Manager","הוד השרון","https://il.linkedin.com/jobs/view/team-lead-of-power-electronics-at-nt-tao-compact-fusion-power-4471452860?utm_source=techmap&utm_medium=csv&utm_campaign=github&utm_term=apply","2026-09-24"
"CONTROP Precision Technologies","Aerospace","l","Mechanical Team Leader","Manager","הוד השרון","https://il.linkedin.com/jobs/view/mechanical-team-leader-at-controp-precision-technologies-ltd-4425217883?utm_source=techmap&utm_medium=csv&utm_campaign=github&utm_term=apply","2026-09-24"
"CONTROP Precision Technologies","Aerospace","l","Mechanical Engineer","Engineer","הוד השרון","https://il.linkedin.com/jobs/view/mechanical-engineer-at-controp-precision-technologies-ltd-4449104637?utm_source=techmap&utm_medium=csv&utm_campaign=github&utm_term=apply","2026-09-24"
"Quantum Art","Productivity","s","Optical and Opto-Mechanical Engineer","Engineer","נס ציונה","https://il.linkedin.com/jobs/view/optical-and-opto-mechanical-engineer-at-quantum-art-4469399259?utm_source=techmap&utm_medium=csv&utm_campaign=github&utm_term=apply","2026-09-24"
"Stratasys","Robotics & Automation","l","NPI Engineer (Mechanical)","Engineer","רחובות","https://il.linkedin.com/jobs/view/npi-engineer-mechanical-at-stratasys-4439873482?utm_source=techmap&utm_medium=csv&utm_campaign=github&utm_term=apply","2026-09-24"
"CONTROP Precision Technologies","Aerospace","l","RT Embedded Engineer","Engineer","הוד השרון","https://il.linkedin.com/jobs/view/rt-embedded-engineer-at-controp-precision-technologies-ltd-4434314292?utm_source=techmap&utm_medium=csv&utm_campaign=github&utm_term=apply","2026-09-24"
"Mobileye","Automotive","l","Senior Signal Integrity Engineer-AV Hardware","Engineer","ירושלים","https://il.linkedin.com/jobs/view/senior-signal-integrity-engineer-av-hardware-at-mobileye-4452706229?utm_source=techmap&utm_medium=csv&utm_campaign=github&utm_term=apply","2026-09-24"
"abra","Productivity","l","RT Embedded Team Lead","Manager","רעננה","https://il.linkedin.com/jobs/view/rt-embedded-team-lead-at-abra-4470019183?utm_source=techmap&utm_medium=csv&utm_campaign=github&utm_term=apply","2026-09-24"
"Qualcomm","Telecommunications","l","PHY/Radio Validation Engineer - Kfar-Netter - Israel","Engineer","טירת כרמל","https://il.linkedin.com/jobs/view/phy-radio-validation-engineer-kfar-netter-israel-at-qualcomm-4460996006?utm_source=techmap&utm_medium=csv&utm_campaign=github&utm_term=apply","2026-09-24"
"Rafael Advanced Defense Systems","Aerospace","l","Senior RT Embedded Engineer","Engineer","חיפה","https://il.linkedin.com/jobs/view/senior-rt-embedded-engineer-at-rafael-advanced-defense-systems-4471422392?utm_source=techmap&utm_medium=csv&utm_campaign=github&utm_term=apply","2026-09-24"
"Sentrycs","Cybersecurity","m","Hardware System Engineer","Engineer","תל אביב-יפו","https://il.linkedin.com/jobs/view/hardware-system-engineer-at-sentrycs-counter-drone-solutions-adapting-at-the-speed-of-threats-4471411512?utm_source=techmap&utm_medium=csv&utm_campaign=github&utm_term=apply","2026-09-24"
"Rafael Advanced Defense Systems","Aerospace","l","Hardware System Engineer","Engineer","חיפה","https://il.linkedin.com/jobs/view/hardware-system-engineer-at-rafael-advanced-defense-systems-4438164416?utm_source=techmap&utm_medium=csv&utm_campaign=github&utm_term=apply","2026-09-24"
"Nvidia","AI/ML","l","Senior Hardware System Engineer","Engineer","יקנעם עילית","https://il.linkedin.com/jobs/view/senior-hardware-system-engineer-at-nvidia-4395474371?utm_source=techmap&utm_medium=csv&utm_campaign=github&utm_term=apply","2026-09-24"
"NovoCure","Health","l","Verification & Validation Test Engineer","Engineer","טירת כרמל","https://il.linkedin.com/jobs/view/verification-validation-test-engineer-at-novocure-4469692768?utm_source=techmap&utm_medium=csv&utm_campaign=github&utm_term=apply","2026-09-24"
"Google","Digital Media","xl","SoC Chip Architect, Google Cloud, Silicon","Engineer","תל אביב-יפו","https://il.linkedin.com/jobs/view/soc-chip-architect-google-cloud-silicon-at-google-4469721677?utm_source=techmap&utm_medium=csv&utm_campaign=github&utm_term=apply","2026-09-24"
"Mobileye","Automotive","l","Solution Architect for Embedded Autonomous Vehicle System","Engineer","ירושלים","https://il.linkedin.com/jobs/view/solution-architect-for-embedded-autonomous-vehicle-system-at-mobileye-4442687549?utm_source=techmap&utm_medium=csv&utm_campaign=github&utm_term=apply","2026-09-24"
"Nvidia","AI/ML","l","Board Design Engineer, Sustain","Engineer","יקנעם עילית","https://il.linkedin.com/jobs/view/board-design-engineer-sustain-at-nvidia-4442920306?utm_source=techmap&utm_medium=csv&utm_campaign=github&utm_term=apply","2026-09-24"
"Elbit Systems","Aerospace","l","Electro-Optics Development Manager","Manager","חיפה","https://il.linkedin.com/jobs/view/electro-optics-development-manager-at-elbit-systems-israel-4404696348?utm_source=techmap&utm_medium=csv&utm_campaign=github&utm_term=apply","2026-09-24"
"nT-Tao","Sustainable Technology","s","Mechanical Engineer","Engineer","הוד השרון","https://il.linkedin.com/jobs/view/mechanical-engineer-at-nt-tao-compact-fusion-power-4470917370?utm_source=techmap&utm_medium=csv&utm_campaign=github&utm_term=apply","2026-09-23"
"Quantum Source","Semiconductors","s","Senior FPGA Team Leader","Manager","נס ציונה","https://il.linkedin.com/jobs/view/senior-fpga-team-leader-at-quantum-source-4470905789?utm_source=techmap&utm_medium=csv&utm_campaign=github&utm_term=apply","2026-09-23"
"Vishay","Semiconductors","l","Senior Maintenance Electronic Engineer","Engineer","מודיעין-מכבים-רעות","https://il.linkedin.com/jobs/view/senior-maintenance-electronic-engineer-at-vishay-intertechnology-inc-4425605596?utm_source=techmap&utm_medium=csv&utm_campaign=github&utm_term=apply","2026-09-23"
"Beewise","Robotics & Automation","m","Senior Electronics Practical Engineer","Engineer","בית העמק","https://il.linkedin.com/jobs/view/senior-electronics-practical-engineer-at-beewise-4468982748?utm_source=techmap&utm_medium=csv&utm_campaign=github&utm_term=apply","2026-09-23"
"Google","Digital Media","xl","SoC Design Verification Engineer, Google Cloud","Engineer","תל אביב-יפו","https://il.linkedin.com/jobs/view/soc-design-verification-engineer-google-cloud-at-google-4460966741?utm_source=techmap&utm_medium=csv&utm_campaign=github&utm_term=apply","2026-09-23"
"Aidoc","Health","l","Operations Manager - Radiology and Clinical Operations","Manager","תל אביב-יפו","https://il.linkedin.com/jobs/view/operations-manager-radiology-and-clinical-operations-at-aidoc-4462138893?utm_source=techmap&utm_medium=csv&utm_campaign=github&utm_term=apply","2026-09-23"
"TSG","Productivity","l","Mechanical Engineer 2104","Engineer","אור יהודה","https://il.linkedin.com/jobs/view/mechanical-engineer-2104-at-tsg-4470904231?utm_source=techmap&utm_medium=csv&utm_campaign=github&utm_term=apply","2026-09-23"
"TSG","Productivity","l","Electro-Mechanical Systems Specialist 2102","Engineer","אור יהודה","https://il.linkedin.com/jobs/view/electro-mechanical-systems-specialist-2102-at-tsg-4470692616?utm_source=techmap&utm_medium=csv&utm_campaign=github&utm_term=apply","2026-09-23"
"Nvidia","AI/ML","l","NPI Engineering Build Manager","Manager","יקנעם עילית","https://il.linkedin.com/jobs/view/npi-engineering-build-manager-at-nvidia-4469071527?utm_source=techmap&utm_medium=csv&utm_campaign=github&utm_term=apply","2026-09-23"
"Elbit Systems","Aerospace","l","Naval Electronics Technician","Engineer","חיפה","https://il.linkedin.com/jobs/view/naval-electronics-technician-at-elbit-systems-israel-4440448036?utm_source=techmap&utm_medium=csv&utm_campaign=github&utm_term=apply","2026-09-23"
"Philips","Health","l","Senior Board Design Engineer","Engineer","חיפה","https://il.linkedin.com/jobs/view/senior-board-design-engineer-at-philips-4428466976?utm_source=techmap&utm_medium=csv&utm_campaign=github&utm_term=apply","2026-09-23"
"Nvidia","AI/ML","l","Senior Board Design Hardware Engineer","Engineer","רעננה","https://il.linkedin.com/jobs/view/senior-board-design-hardware-engineer-at-nvidia-4469069559?utm_source=techmap&utm_medium=csv&utm_campaign=github&utm_term=apply","2026-09-23"
"Mobileye","Automotive","l","Senior Embedded System Architect","Engineer","ירושלים","https://il.linkedin.com/jobs/view/senior-embedded-system-architect-at-mobileye-4469451734?utm_source=techmap&utm_medium=csv&utm_campaign=github&utm_term=apply","2026-09-23"
"Nvidia","AI/ML","l","Senior PCB Layout Engineer","Engineer","יקנעם עילית","https://il.linkedin.com/jobs/view/senior-pcb-layout-engineer-at-nvidia-4451965590?utm_source=techmap&utm_medium=csv&utm_campaign=github&utm_term=apply","2026-09-23"
"Nvidia","AI/ML","l","Senior System Validation Engineer","Engineer","יקנעם עילית","https://il.linkedin.com/jobs/view/senior-system-validation-engineer-at-nvidia-4469089115?utm_source=techmap&utm_medium=csv&utm_campaign=github&utm_term=apply","2026-09-23"
"Nvidia","AI/ML","l","Senior Hardware Integration and Validation Engineer","Engineer","רעננה","https://il.linkedin.com/jobs/view/senior-hardware-integration-and-validation-engineer-at-nvidia-4469078249?utm_source=techmap&utm_medium=csv&utm_campaign=github&utm_term=apply","2026-09-23"
"Nvidia","AI/ML","l","Senior Post Silicon ATE Test Development Engineer","Engineer","יקנעם עילית","https://il.linkedin.com/jobs/view/senior-post-silicon-ate-test-development-engineer-at-nvidia-4451974472?utm_source=techmap&utm_medium=csv&utm_campaign=github&utm_term=apply","2026-09-23"
"Elbit Systems","Aerospace","l","Embedded Engineer","Engineer","חיפה","https://il.linkedin.com/jobs/view/embedded-engineer-at-elbit-systems-israel-4421912012?utm_source=techmap&utm_medium=csv&utm_campaign=github&utm_term=apply","2026-09-23"
"Elbit Systems","Aerospace","l","Electro-Optics Systems Engineer","Engineer","חיפה","https://il.linkedin.com/jobs/view/electro-optics-systems-engineer-at-elbit-systems-israel-4431047073?utm_source=techmap&utm_medium=csv&utm_campaign=github&utm_term=apply","2026-09-23"
"Nvidia","AI/ML","l","Network Solution Verification Manager","Manager","תל אביב-יפו","https://il.linkedin.com/jobs/view/network-solution-verification-manager-at-nvidia-4442243692?utm_source=techmap&utm_medium=csv&utm_campaign=github&utm_term=apply","2026-09-23"
"Elbit Systems","Aerospace","l","טכנולוג.ית רכש מכאני NPI","Engineer","חיפה","https://il.linkedin.com/jobs/view/%D7%98%D7%9B%D7%A0%D7%95%D7%9C%D7%95%D7%92-%D7%99%D7%AA-%D7%A8%D7%9B%D7%A9-%D7%9E%D7%9B%D7%90%D7%A0%D7%99-npi-at-elbit-systems-israel-4469313904?utm_source=techmap&utm_medium=csv&utm_campaign=github&utm_term=apply","2026-09-23"
"DriveNets","Productivity","l","Board Design Engineer","Engineer","רעננה","https://www.comeet.com/jobs/drivenets/72.006/board-design-engineer/4A.065?utm_source=techmap&utm_medium=csv&utm_campaign=github&utm_term=apply","2026-09-22"
"BIRD Aerosystems","Aerospace","m","R&D Electronic Technician","Engineer","הרצליה","https://www.comeet.com/jobs/birdaero/97.006/rd-electronic-technician/93.368?utm_source=techmap&utm_medium=csv&utm_campaign=github&utm_term=apply","2026-09-22"
"Exodigo","Robotics & Automation","m","Systems Engineer - RF & Multidisciplinary Systems","Engineer","תל אביב-יפו","https://www.comeet.com/jobs/exodigo/89.005/systems-engineer---rf--multidisciplinary-systems/5E.E68?utm_source=techmap&utm_medium=csv&utm_campaign=github&utm_term=apply","2026-09-22"
"Nvidia","AI/ML","l","Senior Mechanical Engineer, Manufacturing Development","Engineer","יקנעם עילית","https://il.linkedin.com/jobs/view/senior-mechanical-engineer-manufacturing-development-at-nvidia-4451477584?utm_source=techmap&utm_medium=csv&utm_campaign=github&utm_term=apply","2026-09-22"
"Kramer Electronics","Telecommunications","l","Verification & Validation Engineer","Engineer","ירושלים","https://il.linkedin.com/jobs/view/verification-validation-engineer-at-kramer-4470616128?utm_source=techmap&utm_medium=csv&utm_campaign=github&utm_term=apply","2026-09-22"
"Vishay","Semiconductors","l","Electrician for Beer-Sheva plant","Engineer","מודיעין-מכבים-רעות","https://il.linkedin.com/jobs/view/electrician-for-beer-sheva-plant-at-vishay-intertechnology-inc-4434275473?utm_source=techmap&utm_medium=csv&utm_campaign=github&utm_term=apply","2026-09-22"
"Mobileye","Automotive","l","Senior Verification Engineer","Engineer","ירושלים","https://il.linkedin.com/jobs/view/senior-verification-engineer-at-mobileye-4451101830?utm_source=techmap&utm_medium=csv&utm_campaign=github&utm_term=apply","2026-09-22"
"IDE Technologies","Productivity","l","Electrical, Instrumentation & Control Department Manager (2952)","Manager","קדימה צורן","https://il.linkedin.com/jobs/view/electrical-instrumentation-control-department-manager-2952-at-ide-technologies-4469018300?utm_source=techmap&utm_medium=csv&utm_campaign=github&utm_term=apply","2026-09-22"
"Google","Digital Media","xl","Senior Silicon DFT Lead","Manager","תל אביב-יפו","https://il.linkedin.com/jobs/view/senior-silicon-dft-lead-at-google-4469036120?utm_source=techmap&utm_medium=csv&utm_campaign=github&utm_term=apply","2026-09-22"
"Google","Digital Media","xl","Full Chip CAD Physical Design Engineer","Engineer","תל אביב-יפו","https://il.linkedin.com/jobs/view/full-chip-cad-physical-design-engineer-at-google-4460035319?utm_source=techmap&utm_medium=csv&utm_campaign=github&utm_term=apply","2026-09-22"
"Google","Digital Media","xl","Senior Embedded Firmware Engineer, DSP, Google Cloud","Engineer","תל אביב-יפו","https://il.linkedin.com/jobs/view/senior-embedded-firmware-engineer-dsp-google-cloud-at-google-4469050154?utm_source=techmap&utm_medium=csv&utm_campaign=github&utm_term=apply","2026-09-22"
"Google","Digital Media","xl","Embedded Systems Engineer, High Speed DSP","Engineer","תל אביב-יפו","https://il.linkedin.com/jobs/view/embedded-systems-engineer-high-speed-dsp-at-google-4468585089?utm_source=techmap&utm_medium=csv&utm_campaign=github&utm_term=apply","2026-09-22"
"Google","Digital Media","xl","SoC Test Engineer, Google Cloud","Engineer","תל אביב-יפו","https://il.linkedin.com/jobs/view/soc-test-engineer-google-cloud-at-google-4469017614?utm_source=techmap&utm_medium=csv&utm_campaign=github&utm_term=apply","2026-09-22"
"Nvidia","AI/ML","l","SOC Clock Distribution Engineer","Engineer","תל אביב-יפו","https://il.linkedin.com/jobs/view/soc-clock-distribution-engineer-at-nvidia-4424622591?utm_source=techmap&utm_medium=csv&utm_campaign=github&utm_term=apply","2026-09-22"
"Elbit Systems","Aerospace","l","RT Embedded Software Engineer","Engineer","חיפה","https://il.linkedin.com/jobs/view/rt-embedded-software-engineer-at-elbit-systems-israel-4439670616?utm_source=techmap&utm_medium=csv&utm_campaign=github&utm_term=apply","2026-09-22"
"Nvidia","AI/ML","l","Network Solution Verification Engineer","Engineer","תל אביב-יפו","https://il.linkedin.com/jobs/view/network-solution-verification-engineer-at-nvidia-4442244702?utm_source=techmap&utm_medium=csv&utm_campaign=github&utm_term=apply","2026-09-22"
"KLA","Robotics & Automation","l","NPI Engineer","Engineer","מגדל העמק","https://il.linkedin.com/jobs/view/npi-engineer-at-kla-4449518271?utm_source=techmap&utm_medium=csv&utm_campaign=github&utm_term=apply","2026-09-22"
"Israel Aerospace Industries","Aerospace","l","Electrical & Electronics Engineering Student","Student","אשדוד","https://il.linkedin.com/jobs/view/electrical-electronics-engineering-student-at-iai-israel-aerospace-industries-4468538868?utm_source=techmap&utm_medium=csv&utm_campaign=github&utm_term=apply","2026-09-22"
"Qualcomm","Telecommunications","l","Senior Design Verification Engineer- Haifa, Hod Hasharon, Ramat Gan","Engineer","טירת כרמל","https://il.linkedin.com/jobs/view/senior-design-verification-engineer-haifa-hod-hasharon-ramat-gan-at-qualcomm-4433239162?utm_source=techmap&utm_medium=csv&utm_campaign=github&utm_term=apply","2026-09-21"
"Cisco Systems","Telecommunications","l","Design Verification Engineer for DFT","Engineer","נתניה","https://il.linkedin.com/jobs/view/design-verification-engineer-for-dft-at-cisco-4434267778?utm_source=techmap&utm_medium=csv&utm_campaign=github&utm_term=apply","2026-09-21"
"Intel","Semiconductors","l","Senior ASIC DFT Engineer","Engineer","חיפה","https://il.linkedin.com/jobs/view/senior-asic-dft-engineer-at-intel-4450954393?utm_source=techmap&utm_medium=csv&utm_campaign=github&utm_term=apply","2026-09-21"
"abra","Productivity","l","Mechanical Engineer","Engineer","רעננה","https://il.linkedin.com/jobs/view/mechanical-engineer-at-abra-4469946400?utm_source=techmap&utm_medium=csv&utm_campaign=github&utm_term=apply","2026-09-21"
"Google","Digital Media","xl","Senior Emulation Verification Engineer, Google Cloud","Engineer","תל אביב-יפו","https://il.linkedin.com/jobs/view/senior-emulation-verification-engineer-google-cloud-at-google-4424220695?utm_source=techmap&utm_medium=csv&utm_campaign=github&utm_term=apply","2026-09-21"
"Nvidia","AI/ML","l","Senior Hardware Validation Engineer","Engineer","יקנעם עילית","https://il.linkedin.com/jobs/view/senior-hardware-validation-engineer-at-nvidia-4404221819?utm_source=techmap&utm_medium=csv&utm_campaign=github&utm_term=apply","2026-09-21"
"Elbit Systems","Aerospace","l","ראש צוות רכש אלקטרוניקה","Manager","חיפה","https://il.linkedin.com/jobs/view/%D7%A8%D7%90%D7%A9-%D7%A6%D7%95%D7%95%D7%AA-%D7%A8%D7%9B%D7%A9-%D7%90%D7%9C%D7%A7%D7%98%D7%A8%D7%95%D7%A0%D7%99%D7%A7%D7%94-at-elbit-systems-israel-4421908030?utm_source=techmap&utm_medium=csv&utm_campaign=github&utm_term=apply","2026-09-21"
"Elbit Systems","Aerospace","l","High Speed Board Design","Engineer","חיפה","https://il.linkedin.com/jobs/view/high-speed-board-design-at-elbit-systems-israel-4421586668?utm_source=techmap&utm_medium=csv&utm_campaign=github&utm_term=apply","2026-09-21"
"Nvidia","AI/ML","l","Manager, PCIe Firmware - Physical Layer","Manager","תל אביב-יפו","https://il.linkedin.com/jobs/view/manager-pcie-firmware-physical-layer-at-nvidia-4414769818?utm_source=techmap&utm_medium=csv&utm_campaign=github&utm_term=apply","2026-09-21"
"Elbit Systems","Aerospace","l","Electro-mechanical components engineer","Engineer","חיפה","https://il.linkedin.com/jobs/view/electro-mechanical-components-engineer-at-elbit-systems-israel-4382558768?utm_source=techmap&utm_medium=csv&utm_campaign=github&utm_term=apply","2026-09-21"
"Elbit Systems","Aerospace","l","Electronics and PCB Technologist","Engineer","חיפה","https://il.linkedin.com/jobs/view/electronics-and-pcb-technologist-at-elbit-systems-israel-4382767655?utm_source=techmap&utm_medium=csv&utm_campaign=github&utm_term=apply","2026-09-21"
"Nvidia","AI/ML","l","Senior Simulation Mechanical Engineer","Engineer","יקנעם עילית","https://il.linkedin.com/jobs/view/senior-simulation-mechanical-engineer-at-nvidia-4414410055?utm_source=techmap&utm_medium=csv&utm_campaign=github&utm_term=apply","2026-09-20"
"TriEye","Automotive","m","FPGA and Embedded SW Platform Team Lead","Manager","תל אביב-יפו","https://il.linkedin.com/jobs/view/fpga-and-embedded-sw-platform-team-lead-at-trieye-4469809485?utm_source=techmap&utm_medium=csv&utm_campaign=github&utm_term=apply","2026-09-20"
"Quantum Machines","IoT","m","Senior Verification Engineer","Engineer","תל אביב-יפו","https://il.linkedin.com/jobs/view/senior-verification-engineer-at-quantum-machines-4327679229?utm_source=techmap&utm_medium=csv&utm_campaign=github&utm_term=apply","2026-09-20"
"Cisco Systems","Telecommunications","l","Hardware Engineer","Engineer","נתניה","https://il.linkedin.com/jobs/view/hardware-engineer-at-cisco-4469816108?utm_source=techmap&utm_medium=csv&utm_campaign=github&utm_term=apply","2026-09-20"
"Google","Digital Media","xl","Senior Silicon Physical Design Engineer","Engineer","תל אביב-יפו","https://il.linkedin.com/jobs/view/senior-silicon-physical-design-engineer-at-google-4365590102?utm_source=techmap&utm_medium=csv&utm_campaign=github&utm_term=apply","2026-09-20"
"Elbit Systems","Aerospace","l","Hardware engineer","Engineer","חיפה","https://il.linkedin.com/jobs/view/hardware-engineer-at-elbit-systems-israel-4420129058?utm_source=techmap&utm_medium=csv&utm_campaign=github&utm_term=apply","2026-09-20"
"Nvidia","AI/ML","l","Senior Firmware Engineer - NVLink Switch","Engineer","תל אביב-יפו","https://il.linkedin.com/jobs/view/senior-firmware-engineer-nvlink-switch-at-nvidia-4403680424?utm_source=techmap&utm_medium=csv&utm_campaign=github&utm_term=apply","2026-09-20"
"Nvidia","AI/ML","l","Senior Hardware Architect Artificial Intelligence","Engineer","תל אביב-יפו","https://il.linkedin.com/jobs/view/senior-hardware-architect-artificial-intelligence-at-nvidia-4432923109?utm_source=techmap&utm_medium=csv&utm_campaign=github&utm_term=apply","2026-09-20"
"Elbit Systems","Aerospace","l","Software Embedded Manager","Manager","חיפה","https://il.linkedin.com/jobs/view/software-embedded-manager-at-elbit-systems-israel-4395859693?utm_source=techmap&utm_medium=csv&utm_campaign=github&utm_term=apply","2026-09-20"
"Nvidia","AI/ML","l","Senior Hardware Time Synchronization Architect","Engineer","יקנעם עילית","https://il.linkedin.com/jobs/view/senior-hardware-time-synchronization-architect-at-nvidia-4450939781?utm_source=techmap&utm_medium=csv&utm_campaign=github&utm_term=apply","2026-09-20"
"Qualcomm","Telecommunications","l","FPGA Engineer - Hod HaSharon","Engineer","טירת כרמל","https://il.linkedin.com/jobs/view/fpga-engineer-hod-hasharon-at-qualcomm-4440216929?utm_source=techmap&utm_medium=csv&utm_campaign=github&utm_term=apply","2026-09-19"
"Google","Digital Media","xl","Senior SoC Design Verification Engineer, Google Cloud","Engineer","תל אביב-יפו","https://il.linkedin.com/jobs/view/senior-soc-design-verification-engineer-google-cloud-at-google-4365573901?utm_source=techmap&utm_medium=csv&utm_campaign=github&utm_term=apply","2026-09-19"
"Nvidia","AI/ML","l","Firmware SerDes Verification Engineer","Engineer","יקנעם עילית","https://il.linkedin.com/jobs/view/firmware-serdes-verification-engineer-at-nvidia-4403682416?utm_source=techmap&utm_medium=csv&utm_campaign=github&utm_term=apply","2026-09-19"
"Nvidia","AI/ML","l","Hardware Failure Analysis Engineer – Electro-Optic Interconnect","Engineer","יקנעם עילית","https://il.linkedin.com/jobs/view/hardware-failure-analysis-engineer-%E2%80%93-electro-optic-interconnect-at-nvidia-4441113981?utm_source=techmap&utm_medium=csv&utm_campaign=github&utm_term=apply","2026-09-19"
"Nvidia","AI/ML","l","Firmware Core Engineer","Engineer","יקנעם עילית","https://il.linkedin.com/jobs/view/firmware-core-engineer-at-nvidia-4440728905?utm_source=techmap&utm_medium=csv&utm_campaign=github&utm_term=apply","2026-09-19"
"Nvidia","AI/ML","l","Manager, Software Verification - SONiC NOS","Manager","רעננה","https://il.linkedin.com/jobs/view/manager-software-verification-sonic-nos-at-nvidia-4450508019?utm_source=techmap&utm_medium=csv&utm_campaign=github&utm_term=apply","2026-09-19"
"Nvidia","AI/ML","l","Senior Opto-Mechanical Engineer","Engineer","יקנעם עילית","https://il.linkedin.com/jobs/view/senior-opto-mechanical-engineer-at-nvidia-4467830216?utm_source=techmap&utm_medium=csv&utm_campaign=github&utm_term=apply","2026-09-18"
"Google","Digital Media","xl","Junior AI SoC Design Verification Engineer, Google Cloud","Engineer","תל אביב-יפו","https://il.linkedin.com/jobs/view/junior-ai-soc-design-verification-engineer-google-cloud-at-google-4458662846?utm_source=techmap&utm_medium=csv&utm_campaign=github&utm_term=apply","2026-09-18"
"Qualcomm","Telecommunications","l","Pre-Silicon Verification Engineer - Hod Hasharon","Engineer","טירת כרמל","https://il.linkedin.com/jobs/view/pre-silicon-verification-engineer-hod-hasharon-at-qualcomm-4449107626?utm_source=techmap&utm_medium=csv&utm_campaign=github&utm_term=apply","2026-09-18"
"Beewise","Robotics & Automation","m","Production Electronics Practical Engineer","Engineer","בית העמק","https://il.linkedin.com/jobs/view/production-electronics-practical-engineer-at-beewise-4469103819?utm_source=techmap&utm_medium=csv&utm_campaign=github&utm_term=apply","2026-09-18"
"Google","Digital Media","xl","Senior DDR Design Verification Engineer, Google Cloud","Engineer","תל אביב-יפו","https://il.linkedin.com/jobs/view/senior-ddr-design-verification-engineer-google-cloud-at-google-4467847416?utm_source=techmap&utm_medium=csv&utm_campaign=github&utm_term=apply","2026-09-18"
"Cisco Systems","Telecommunications","l","PHY Post Silicon Validation Engineer","Engineer","נתניה","https://il.linkedin.com/jobs/view/phy-post-silicon-validation-engineer-at-cisco-4404073933?utm_source=techmap&utm_medium=csv&utm_campaign=github&utm_term=apply","2026-09-18"
"Google","Digital Media","xl","Staff ChipDev Engineer","Engineer","תל אביב-יפו","https://il.linkedin.com/jobs/view/staff-chipdev-engineer-at-google-4458653934?utm_source=techmap&utm_medium=csv&utm_campaign=github&utm_term=apply","2026-09-18"
"Qualcomm","Telecommunications","l","Staff Firmware Engineer - 5G/6G Modem - Hod HaSharon","Engineer","טירת כרמל","https://il.linkedin.com/jobs/view/staff-firmware-engineer-5g-6g-modem-hod-hasharon-at-qualcomm-4467883003?utm_source=techmap&utm_medium=csv&utm_campaign=github&utm_term=apply","2026-09-18"
"Mobileye","Automotive","l","Senior Thermal-Mechanical Engineer","Engineer","ירושלים","https://il.linkedin.com/jobs/view/senior-thermal-mechanical-engineer-at-mobileye-4458636259?utm_source=techmap&utm_medium=csv&utm_campaign=github&utm_term=apply","2026-09-18"
"Google","Digital Media","xl","Silicon Validation Engineer","Engineer","תל אביב-יפו","https://il.linkedin.com/jobs/view/silicon-validation-engineer-at-google-4458968018?utm_source=techmap&utm_medium=csv&utm_campaign=github&utm_term=apply","2026-09-18"
"Nvidia","AI/ML","l","DFT Verification Engineer","Engineer","רעננה","https://il.linkedin.com/jobs/view/dft-verification-engineer-at-nvidia-4440295592?utm_source=techmap&utm_medium=csv&utm_campaign=github&utm_term=apply","2026-09-18"
"Elbit Systems","Aerospace","l","Senior Digital Board Design Engineer","Engineer","חיפה","https://il.linkedin.com/jobs/view/senior-digital-board-design-engineer-at-elbit-systems-israel-4376667209?utm_source=techmap&utm_medium=csv&utm_campaign=github&utm_term=apply","2026-09-18"
"Nvidia","AI/ML","l","Interconnect Hardware Engineer","Engineer","יקנעם עילית","https://il.linkedin.com/jobs/view/interconnect-hardware-engineer-at-nvidia-4423283835?utm_source=techmap&utm_medium=csv&utm_campaign=github&utm_term=apply","2026-09-18"
"Wiliot","IoT","l","Senior Verification Engineer","Engineer","קיסריה","https://www.comeet.com/jobs/wiliot/F6.003/senior-verification-engineer/52.451?utm_source=techmap&utm_medium=csv&utm_campaign=github&utm_term=apply","2026-09-17"
"Google","Digital Media","xl","Senior Edge-AI SoC Formal Verification Engineer, Google Cloud","Engineer","תל אביב-יפו","https://il.linkedin.com/jobs/view/senior-edge-ai-soc-formal-verification-engineer-google-cloud-at-google-4467123952?utm_source=techmap&utm_medium=csv&utm_campaign=github&utm_term=apply","2026-09-17"
"Samsung Semiconductors","Semiconductors","xl","Senior Digital Verification Engineer","Engineer","תל אביב-יפו","https://il.linkedin.com/jobs/view/senior-digital-verification-engineer-at-samsung-semiconductor-4368154766?utm_source=techmap&utm_medium=csv&utm_campaign=github&utm_term=apply","2026-09-17"
"Motorola Solutions","Telecommunications","xl","Hardware Engineer","Engineer","תל אביב-יפו","https://il.linkedin.com/jobs/view/hardware-engineer-at-motorola-solutions-4459821368?utm_source=techmap&utm_medium=csv&utm_campaign=github&utm_term=apply","2026-09-17"
"Spear","Aerospace","s","Board Design Engineer (978733)","Engineer","תל אביב-יפו","https://il.linkedin.com/jobs/view/board-design-engineer-978733-at-spearuav-4467508253?utm_source=techmap&utm_medium=csv&utm_campaign=github&utm_term=apply","2026-09-17"
"Google","Digital Media","xl","Design Verification SoC Lead, Google Cloud","Manager","תל אביב-יפו","https://il.linkedin.com/jobs/view/design-verification-soc-lead-google-cloud-at-google-4467563482?utm_source=techmap&utm_medium=csv&utm_campaign=github&utm_term=apply","2026-09-17"
"Qualcomm","Telecommunications","l","Staff RTL Verification Engineer  - Haifa","Engineer","טירת כרמל","https://il.linkedin.com/jobs/view/staff-rtl-verification-engineer-haifa-at-qualcomm-4457956436?utm_source=techmap&utm_medium=csv&utm_campaign=github&utm_term=apply","2026-09-17"
"Samsung Semiconductors","Semiconductors","xl","Firmware Engineer","Engineer","תל אביב-יפו","https://il.linkedin.com/jobs/view/firmware-engineer-at-samsung-semiconductor-4416627584?utm_source=techmap&utm_medium=csv&utm_campaign=github&utm_term=apply","2026-09-17"
"Cisco Systems","Telecommunications","l","Hardware Engineer- HW Board Design","Engineer","נתניה","https://il.linkedin.com/jobs/view/hardware-engineer-hw-board-design-at-cisco-4414213615?utm_source=techmap&utm_medium=csv&utm_campaign=github&utm_term=apply","2026-09-17"
"Palo Alto Networks","Cybersecurity","xl","Sr MSIAM SOC Engineer (Unit 42)","Engineer","תל אביב-יפו","https://il.linkedin.com/jobs/view/sr-msiam-soc-engineer-unit-42-at-palo-alto-networks-4466291222?utm_source=techmap&utm_medium=csv&utm_campaign=github&utm_term=apply","2026-09-17"
"Nvidia","AI/ML","l","Senior Chip Design Verification Engineer, Port IP Group","Engineer","תל אביב-יפו","https://il.linkedin.com/jobs/view/senior-chip-design-verification-engineer-port-ip-group-at-nvidia-4423281804?utm_source=techmap&utm_medium=csv&utm_campaign=github&utm_term=apply","2026-09-17"
"Elbit Systems","Aerospace","l","אחראי.ת ציות ושילוח בינלאומי","Engineer","חיפה","https://il.linkedin.com/jobs/view/%D7%90%D7%97%D7%A8%D7%90%D7%99-%D7%AA-%D7%A6%D7%99%D7%95%D7%AA-%D7%95%D7%A9%D7%99%D7%9C%D7%95%D7%97-%D7%91%D7%99%D7%A0%D7%9C%D7%90%D7%95%D7%9E%D7%99-at-elbit-systems-israel-4466254212?utm_source=techmap&utm_medium=csv&utm_campaign=github&utm_term=apply","2026-09-17"
"Nvidia","AI/ML","l","Senior Post-Silicon Characterization and Validation Methodology","Engineer","יקנעם עילית","https://il.linkedin.com/jobs/view/senior-post-silicon-characterization-and-validation-methodology-at-nvidia-4449318603?utm_source=techmap&utm_medium=csv&utm_campaign=github&utm_term=apply","2026-09-17"
"Nvidia","AI/ML","l","Manager, Software Verification - Bluefield BMC","Manager","תל אביב-יפו","https://il.linkedin.com/jobs/view/manager-software-verification-bluefield-bmc-at-nvidia-4439477681?utm_source=techmap&utm_medium=csv&utm_campaign=github&utm_term=apply","2026-09-17"
"Ceragon Networks","Telecommunications","l","HW Board Design Engineer","Engineer","ראש העין","https://www.comeet.com/jobs/Ceragon/D3.003/hw-board-design-engineer/2B.B62?utm_source=techmap&utm_medium=csv&utm_campaign=github&utm_term=apply","2026-09-16"
"Eitan Medical","Health","l","Verification & Validation (V&V) Manager","Manager","נתניה","https://www.comeet.com/jobs/eitanmedical/C6.00F/verification--validation-vv-manager/35.273?utm_source=techmap&utm_medium=csv&utm_campaign=github&utm_term=apply","2026-09-16"
"Altair","AI/ML","xs","SOC Verification Engineer","Engineer","יקנעם עילית","https://www.comeet.com/jobs/altair_semiconductor/88.003/soc-verification-engineer/D3.B6B?utm_source=techmap&utm_medium=csv&utm_campaign=github&utm_term=apply","2026-09-16"
"Nvidia","AI/ML","l","Senior Formal Verification Engineer","Engineer","יקנעם עילית","https://il.linkedin.com/jobs/view/senior-formal-verification-engineer-at-nvidia-4457652573?utm_source=techmap&utm_medium=csv&utm_campaign=github&utm_term=apply","2026-09-16"
"Avery Dennison","E-commerce & Retail","m","Mechanical engineer - מהנדס.ת מכונות למחלקת האחזקה","Engineer","קיבוץ חניתה","https://il.linkedin.com/jobs/view/mechanical-engineer-%D7%9E%D7%94%D7%A0%D7%93%D7%A1-%D7%AA-%D7%9E%D7%9B%D7%95%D7%A0%D7%95%D7%AA-%D7%9C%D7%9E%D7%97%D7%9C%D7%A7%D7%AA-%D7%94%D7%90%D7%97%D7%96%D7%A7%D7%94-at-avery-dennison-4468205173?utm_source=techmap&utm_medium=csv&utm_campaign=github&utm_term=apply","2026-09-16"
"TriEye","Automotive","m","Hardware Engineer","Engineer","תל אביב-יפו","https://il.linkedin.com/jobs/view/hardware-engineer-at-trieye-4467989545?utm_source=techmap&utm_medium=csv&utm_campaign=github&utm_term=apply","2026-09-16"
"Medinol","Health","m","Senior Mechanical Engineer - 779","Engineer","תל אביב-יפו","https://il.linkedin.com/jobs/view/senior-mechanical-engineer-779-at-medinol-4465991557?utm_source=techmap&utm_medium=csv&utm_campaign=github&utm_term=apply","2026-09-16"
"Google","Digital Media","xl","ASIC Design Verification Engineer, Digital Signal Processing","Engineer","תל אביב-יפו","https://il.linkedin.com/jobs/view/asic-design-verification-engineer-digital-signal-processing-at-google-4466853979?utm_source=techmap&utm_medium=csv&utm_campaign=github&utm_term=apply","2026-09-16"
"NovoCure","Health","l","Senior Electronic Engineer, Sustaining Engineering","Engineer","טירת כרמל","https://il.linkedin.com/jobs/view/senior-electronic-engineer-sustaining-engineering-at-novocure-4448202404?utm_source=techmap&utm_medium=csv&utm_campaign=github&utm_term=apply","2026-09-16"
"Nvidia","AI/ML","l","Senior NPI Engineer","Engineer","יקנעם עילית","https://il.linkedin.com/jobs/view/senior-npi-engineer-at-nvidia-4466587939?utm_source=techmap&utm_medium=csv&utm_campaign=github&utm_term=apply","2026-09-16"
"Elbit Systems","Aerospace","l","Verification Team Leader","Manager","חיפה","https://il.linkedin.com/jobs/view/verification-team-leader-at-elbit-systems-israel-4457236757?utm_source=techmap&utm_medium=csv&utm_campaign=github&utm_term=apply","2026-09-16"
"Mobileye","Automotive","l","Embedded SW and Validation Developer","Engineer","ירושלים","https://il.linkedin.com/jobs/view/embedded-sw-and-validation-developer-at-mobileye-4448975787?utm_source=techmap&utm_medium=csv&utm_campaign=github&utm_term=apply","2026-09-16"
"Google","Digital Media","xl","SoC Power Architect, Google Cloud, Silicon","Engineer","תל אביב-יפו","https://il.linkedin.com/jobs/view/soc-power-architect-google-cloud-silicon-at-google-4457473640?utm_source=techmap&utm_medium=csv&utm_campaign=github&utm_term=apply","2026-09-16"
"Nvidia","AI/ML","l","Senior Hardware Engineer","Engineer","רעננה","https://il.linkedin.com/jobs/view/senior-hardware-engineer-at-nvidia-4448598557?utm_source=techmap&utm_medium=csv&utm_campaign=github&utm_term=apply","2026-09-16"
"Nvidia","AI/ML","l","Firmware Engineer","Engineer","יקנעם עילית","https://il.linkedin.com/jobs/view/firmware-engineer-at-nvidia-4439484411?utm_source=techmap&utm_medium=csv&utm_campaign=github&utm_term=apply","2026-09-16"
"ICL","Sustainable Technology","l","Electrical and Instrumentation Manager","Manager","באר שבע","https://il.linkedin.com/jobs/view/electrical-and-instrumentation-manager-at-icl-group-4465952214?utm_source=techmap&utm_medium=csv&utm_campaign=github&utm_term=apply","2026-09-16"
"KLA","Robotics & Automation","l","NPI Integration Engineer","Engineer","מגדל העמק","https://il.linkedin.com/jobs/view/npi-integration-engineer-at-kla-4437286584?utm_source=techmap&utm_medium=csv&utm_campaign=github&utm_term=apply","2026-09-16"
"Nvidia","AI/ML","l","Senior Hardware Network Engineer","Engineer","תל אביב-יפו","https://il.linkedin.com/jobs/view/senior-hardware-network-engineer-at-nvidia-4466593472?utm_source=techmap&utm_medium=csv&utm_campaign=github&utm_term=apply","2026-09-16"
"Nvidia","AI/ML","l","Senior Board Design Engineer, Electro Optical","Engineer","יקנעם עילית","https://il.linkedin.com/jobs/view/senior-board-design-engineer-electro-optical-at-nvidia-4448582863?utm_source=techmap&utm_medium=csv&utm_campaign=github&utm_term=apply","2026-09-16"
"Israel Aerospace Industries","Aerospace","l","RT Embedded Engineer","Engineer","לוד","https://il.linkedin.com/jobs/view/rt-embedded-engineer-at-iai-israel-aerospace-industries-4465993318?utm_source=techmap&utm_medium=csv&utm_campaign=github&utm_term=apply","2026-09-16"
"Nvidia","AI/ML","l","Senior Software Engineer, NIC Firmware","Engineer","יקנעם עילית","https://il.linkedin.com/jobs/view/senior-software-engineer-nic-firmware-at-nvidia-4448902528?utm_source=techmap&utm_medium=csv&utm_campaign=github&utm_term=apply","2026-09-16"
"KLA","Robotics & Automation","l","Physicist - Electro Optics Engineer","Engineer","מגדל העמק","https://il.linkedin.com/jobs/view/physicist-electro-optics-engineer-at-kla-4466203272?utm_source=techmap&utm_medium=csv&utm_campaign=github&utm_term=apply","2026-09-16"
"CEVA","Productivity","l","Embedded Software Team Leader","Manager","הרצליה","https://www.comeet.com/jobs/ceva/76.005/embedded-software-team-leader/23.17C?utm_source=techmap&utm_medium=csv&utm_campaign=github&utm_term=apply","2026-09-15"
"hiSky SCS","Telecommunications","m","Radio Frequency Engineer","Engineer","ראש העין","https://il.linkedin.com/jobs/view/radio-frequency-engineer-at-hisky-4466525505?utm_source=techmap&utm_medium=csv&utm_campaign=github&utm_term=apply","2026-09-15"
"IRP Systems","Productivity","m","Power Electronics Engineer","Engineer","נס ציונה","https://il.linkedin.com/jobs/view/power-electronics-engineer-at-irp-systems-4465524716?utm_source=techmap&utm_medium=csv&utm_campaign=github&utm_term=apply","2026-09-15"
"Mentee Robotics","Robotics & Automation","s","Mechanical Technician","Engineer","הרצליה","https://il.linkedin.com/jobs/view/mechanical-technician-at-mentee-robotics-4465542009?utm_source=techmap&utm_medium=csv&utm_campaign=github&utm_term=apply","2026-09-15"
"Google","Digital Media","xl","Physical Design Engineer, SoC Static Timing Analysis","Engineer","תל אביב-יפו","https://il.linkedin.com/jobs/view/physical-design-engineer-soc-static-timing-analysis-at-google-4456874949?utm_source=techmap&utm_medium=csv&utm_campaign=github&utm_term=apply","2026-09-15"
"Intel","Semiconductors","l","Senior Post Silicon CPU Debug Engineer","Engineer","חיפה","https://il.linkedin.com/jobs/view/senior-post-silicon-cpu-debug-engineer-at-intel-4422813449?utm_source=techmap&utm_medium=csv&utm_campaign=github&utm_term=apply","2026-09-15"
"Google","Digital Media","xl","Senior Verification Engineer, Digital Signal Processing, Google Cloud","Engineer","תל אביב-יפו","https://il.linkedin.com/jobs/view/senior-verification-engineer-digital-signal-processing-google-cloud-at-google-4465581000?utm_source=techmap&utm_medium=csv&utm_campaign=github&utm_term=apply","2026-09-15"
"Google","Digital Media","xl","Senior Silicon DFT Engineer, Google Cloud","Engineer","תל אביב-יפו","https://il.linkedin.com/jobs/view/senior-silicon-dft-engineer-google-cloud-at-google-4466501945?utm_source=techmap&utm_medium=csv&utm_campaign=github&utm_term=apply","2026-09-15"
"Israel Aerospace Industries","Aerospace","l","Electronics CAD Engineer","Engineer","אשדוד","https://il.linkedin.com/jobs/view/electronics-cad-engineer-at-iai-israel-aerospace-industries-4465519547?utm_source=techmap&utm_medium=csv&utm_campaign=github&utm_term=apply","2026-09-15"
"Nvidia","AI/ML","l","Senior Post-Silicon Characterization Engineer","Engineer","יקנעם עילית","https://il.linkedin.com/jobs/view/senior-post-silicon-characterization-engineer-at-nvidia-4422070328?utm_source=techmap&utm_medium=csv&utm_campaign=github&utm_term=apply","2026-09-15"
"Nvidia","AI/ML","l","Senior Firmware Architect, NVLink","Engineer","תל אביב-יפו","https://il.linkedin.com/jobs/view/senior-firmware-architect-nvlink-at-nvidia-4439487277?utm_source=techmap&utm_medium=csv&utm_campaign=github&utm_term=apply","2026-09-15"
"Israel Aerospace Industries","Aerospace","l","Electronic Systems Development Lead","Manager","אשדוד","https://il.linkedin.com/jobs/view/electronic-systems-development-lead-at-iai-israel-aerospace-industries-4465284231?utm_source=techmap&utm_medium=csv&utm_campaign=github&utm_term=apply","2026-09-15"
"Cardo Systems","Telecommunications","m","Hardware Manager","Manager","רעננה","https://www.comeet.com/jobs/cardosystems/F2.003/hardware-manager/4A.C68?utm_source=techmap&utm_medium=csv&utm_campaign=github&utm_term=apply","2026-09-14"
"Mobileye","Automotive","l","Experienced Verification Engineer","Engineer","ירושלים","https://il.linkedin.com/jobs/view/experienced-verification-engineer-at-mobileye-4456823341?utm_source=techmap&utm_medium=csv&utm_campaign=github&utm_term=apply","2026-09-14"
"Israel Aerospace Industries","Aerospace","l","Head of FPGA Department","Executive","לוד","https://il.linkedin.com/jobs/view/head-of-fpga-department-at-iai-israel-aerospace-industries-4440142178?utm_source=techmap&utm_medium=csv&utm_campaign=github&utm_term=apply","2026-09-14"
"Elbit Systems","Aerospace","l","Hardware System Engineer","Engineer","חיפה","https://il.linkedin.com/jobs/view/hardware-system-engineer-at-elbit-systems-israel-4377751500?utm_source=techmap&utm_medium=csv&utm_campaign=github&utm_term=apply","2026-09-14"
"Google","Digital Media","xl","Hardware/Silicon Engineering PhD Intern, 2027","Student","תל אביב-יפו","https://il.linkedin.com/jobs/view/hardware-silicon-engineering-phd-intern-2027-at-google-4454262344?utm_source=techmap&utm_medium=csv&utm_campaign=github&utm_term=apply","2026-09-14"
"Nvidia","AI/ML","l","Senior Firmware PHY Verification Engineer","Engineer","תל אביב-יפו","https://il.linkedin.com/jobs/view/senior-firmware-phy-verification-engineer-at-nvidia-4456812947?utm_source=techmap&utm_medium=csv&utm_campaign=github&utm_term=apply","2026-09-14"
"Mobileye","Automotive","l","Embedded Integrator - Temporary","Engineer","ירושלים","https://il.linkedin.com/jobs/view/embedded-integrator-temporary-at-mobileye-4466133106?utm_source=techmap&utm_medium=csv&utm_campaign=github&utm_term=apply","2026-09-14"
"Israel Aerospace Industries","Aerospace","l","Senior Printed Circuit Board Design Engineer","Engineer","לוד","https://il.linkedin.com/jobs/view/senior-printed-circuit-board-design-engineer-at-iai-israel-aerospace-industries-4440138336?utm_source=techmap&utm_medium=csv&utm_campaign=github&utm_term=apply","2026-09-14"
"KLA","Robotics & Automation","l","Mechanical Engineer","Engineer","מגדל העמק","https://il.linkedin.com/jobs/view/mechanical-engineer-at-kla-4464780898?utm_source=techmap&utm_medium=csv&utm_campaign=github&utm_term=apply","2026-09-14"
"Israel Aerospace Industries","Aerospace","l","Senior Physicist / Electro-Optics","Engineer","לוד","https://il.linkedin.com/jobs/view/senior-physicist-electro-optics-at-iai-israel-aerospace-industries-4440133388?utm_source=techmap&utm_medium=csv&utm_campaign=github&utm_term=apply","2026-09-14"
"Nvidia","AI/ML","l","Interconnect Hardware Characterization Engineer","Engineer","יקנעם עילית","https://il.linkedin.com/jobs/view/interconnect-hardware-characterization-engineer-at-nvidia-4422066404?utm_source=techmap&utm_medium=csv&utm_campaign=github&utm_term=apply","2026-09-14"
"KLA","Robotics & Automation","l","Electrical Practical Engineer","Engineer","מגדל העמק","https://il.linkedin.com/jobs/view/electrical-practical-engineer-at-kla-4465209524?utm_source=techmap&utm_medium=csv&utm_campaign=github&utm_term=apply","2026-09-14"
"Israel Aerospace Industries","Aerospace","l","Electrical Engineering Intern","Student","אשדוד","https://il.linkedin.com/jobs/view/electrical-engineering-intern-at-iai-israel-aerospace-industries-4465209668?utm_source=techmap&utm_medium=csv&utm_campaign=github&utm_term=apply","2026-09-14"
"Aitech","Aerospace","l","Mechanical Assembly Technician","Engineer","כפר סבא","https://www.comeet.com/jobs/aitechsystems/88.004/mechanical-assembly-technician/AA.B68?utm_source=techmap&utm_medium=csv&utm_campaign=github&utm_term=apply","2026-09-13"
"Nvidia","AI/ML","l","Manager, Mechanical Engineering","Manager","יקנעם עילית","https://il.linkedin.com/jobs/view/manager-mechanical-engineering-at-nvidia-4401139301?utm_source=techmap&utm_medium=csv&utm_campaign=github&utm_term=apply","2026-09-13"
"Elbit Systems","Aerospace","l","Hardware FW Licensing Manager","Manager","חיפה","https://il.linkedin.com/jobs/view/hardware-fw-licensing-manager-at-elbit-systems-israel-4388458665?utm_source=techmap&utm_medium=csv&utm_campaign=github&utm_term=apply","2026-09-13"
"Elbit Systems","Aerospace","l","Board Design Engineer","Engineer","חיפה","https://il.linkedin.com/jobs/view/board-design-engineer-at-elbit-systems-israel-4445855168?utm_source=techmap&utm_medium=csv&utm_campaign=github&utm_term=apply","2026-09-13"
"Nvidia","AI/ML","l","Firmware Engineer - Ethernet Switching","Engineer","רעננה","https://il.linkedin.com/jobs/view/firmware-engineer-ethernet-switching-at-nvidia-4447419116?utm_source=techmap&utm_medium=csv&utm_campaign=github&utm_term=apply","2026-09-13"
"Nvidia","AI/ML","l","Senior Manager, DPU Performance and System Validation","Manager","יקנעם עילית","https://il.linkedin.com/jobs/view/senior-manager-dpu-performance-and-system-validation-at-nvidia-4409716932?utm_source=techmap&utm_medium=csv&utm_campaign=github&utm_term=apply","2026-09-13"
"Elbit Systems","Aerospace","l","ראש תחום ניסויים ללוחמה אלקטרונית","Engineer","חיפה","https://il.linkedin.com/jobs/view/%D7%A8%D7%90%D7%A9-%D7%AA%D7%97%D7%95%D7%9D-%D7%A0%D7%99%D7%A1%D7%95%D7%99%D7%99%D7%9D-%D7%9C%D7%9C%D7%95%D7%97%D7%9E%D7%94-%D7%90%D7%9C%D7%A7%D7%98%D7%A8%D7%95%D7%A0%D7%99%D7%AA-at-elbit-systems-israel-4455077784?utm_source=techmap&utm_medium=csv&utm_campaign=github&utm_term=apply","2026-09-13"
"Elbit Systems","Aerospace","l","Experienced Aero‑Mechanical Engineer","Engineer","חיפה","https://il.linkedin.com/jobs/view/experienced-aero%E2%80%91mechanical-engineer-at-elbit-systems-israel-4389695411?utm_source=techmap&utm_medium=csv&utm_campaign=github&utm_term=apply","2026-09-13"
"Elbit Systems","Aerospace","l","מהנדס.ת תוכנה Real Time Embedded מנוסה","Engineer","חיפה","https://il.linkedin.com/jobs/view/%D7%9E%D7%94%D7%A0%D7%93%D7%A1-%D7%AA-%D7%AA%D7%95%D7%9B%D7%A0%D7%94-real-time-embedded-%D7%9E%D7%A0%D7%95%D7%A1%D7%94-at-elbit-systems-israel-4377355813?utm_source=techmap&utm_medium=csv&utm_campaign=github&utm_term=apply","2026-09-13"
"NextSilicon","Semiconductors","l","Verification Engineer","Engineer","גבעתיים","https://www.comeet.com/jobs/nextsilicon/18.007/verification-engineer/A3.339?utm_source=techmap&utm_medium=csv&utm_campaign=github&utm_term=apply","2026-09-12"
"Qualcomm","Telecommunications","l","Staff Firmware Engineer - 5G/6G Modem - Qualcomm, Hod HaSharon, Israel","Engineer","טירת כרמל","https://il.linkedin.com/jobs/view/staff-firmware-engineer-5g-6g-modem-qualcomm-hod-hasharon-israel-at-qualcomm-4447195291?utm_source=techmap&utm_medium=csv&utm_campaign=github&utm_term=apply","2026-09-12"
"Nvidia","AI/ML","l","Senior NPI Hardware Quality Engineer","Engineer","יקנעם עילית","https://il.linkedin.com/jobs/view/senior-npi-hardware-quality-engineer-at-nvidia-4437922854?utm_source=techmap&utm_medium=csv&utm_campaign=github&utm_term=apply","2026-09-12"
"Nvidia","AI/ML","l","Senior Chip Design and Verification Engineer","Engineer","תל אביב-יפו","https://il.linkedin.com/jobs/view/senior-chip-design-and-verification-engineer-at-nvidia-4447413220?utm_source=techmap&utm_medium=csv&utm_campaign=github&utm_term=apply","2026-09-12"
"Elbit Systems","Aerospace","l","Electronics Development Engineer","Engineer","חיפה","https://il.linkedin.com/jobs/view/electronics-development-engineer-at-elbit-systems-israel-4388457754?utm_source=techmap&utm_medium=csv&utm_campaign=github&utm_term=apply","2026-09-12"
"Nvidia","AI/ML","l","Software Verification Manager, SDK","Manager","יקנעם עילית","https://il.linkedin.com/jobs/view/software-verification-manager-sdk-at-nvidia-4409715936?utm_source=techmap&utm_medium=csv&utm_campaign=github&utm_term=apply","2026-09-12"
"Eitan Medical","Health","l","Senior Mechanical Engineer","Engineer","נתניה","https://www.comeet.com/jobs/eitanmedical/C6.00F/senior-mechanical-engineer/83.279?utm_source=techmap&utm_medium=csv&utm_campaign=github&utm_term=apply","2026-09-10"
"VAST Data","Cloud Computing","l","Hardware System Engineer","Engineer","תל אביב-יפו","https://www.comeet.com/jobs/vastdata/43.001/hardware-system-engineer/74.12D?utm_source=techmap&utm_medium=csv&utm_campaign=github&utm_term=apply","2026-09-10"
"INFINIDAT","Productivity","l","NPI Engineer","Engineer","הרצליה","https://il.linkedin.com/jobs/view/npi-engineer-at-infinidat-4450479656?utm_source=techmap&utm_medium=csv&utm_campaign=github&utm_term=apply","2026-09-10"
"Aitech","Aerospace","l","Hardware Verification & Validation Engineer","Engineer","כפר סבא","https://www.comeet.com/jobs/aitechsystems/88.004/hardware-verification--validation-engineer/58.E63?utm_source=techmap&utm_medium=csv&utm_campaign=github&utm_term=apply","2026-09-09"
"Sentrycs","Cybersecurity","m","FPGA Engineer","Engineer","תל אביב-יפו","https://il.linkedin.com/jobs/view/fpga-engineer-at-sentrycs-counter-drone-solutions-adapting-at-the-speed-of-threats-4465038200?utm_source=techmap&utm_medium=csv&utm_campaign=github&utm_term=apply","2026-09-09"
"BIRD Aerosystems","Aerospace","m","RT SW Developer","Engineer","הרצליה","https://www.comeet.com/jobs/birdaero/97.006/rt-sw-developer/4D.549?utm_source=techmap&utm_medium=csv&utm_campaign=github&utm_term=apply","2026-09-08"
"Airobotics","Robotics & Automation","m","System Validation Manager","Manager","פתח תקווה","https://il.linkedin.com/jobs/view/system-validation-manager-at-airobotics-4463505141?utm_source=techmap&utm_medium=csv&utm_campaign=github&utm_term=apply","2026-09-08"
"Bluebird Aero Systems","Aerospace","m","Electronics Practical Engineer","Engineer","קדימה צורן","https://il.linkedin.com/jobs/view/electronics-practical-engineer-at-bluebird-aero-systems-ltd-4462289280?utm_source=techmap&utm_medium=csv&utm_campaign=github&utm_term=apply","2026-09-08"
"Rafael Advanced Defense Systems","Aerospace","l","NPI System Engineer","Engineer","חיפה","https://il.linkedin.com/jobs/view/npi-system-engineer-at-rafael-advanced-defense-systems-4455258214?utm_source=techmap&utm_medium=csv&utm_campaign=github&utm_term=apply","2026-09-08"
"Exodigo","Robotics & Automation","m","Hardware Team Lead","Manager","תל אביב-יפו","https://www.comeet.com/jobs/exodigo/89.005/hardware-team-lead/D0.E6E?utm_source=techmap&utm_medium=csv&utm_campaign=github&utm_term=apply","2026-09-07"
"IRP Systems","Productivity","m","Power Electronic Engineer  - IL","Engineer","נס ציונה","https://il.linkedin.com/jobs/view/power-electronic-engineer-il-at-irp-systems-4464369533?utm_source=techmap&utm_medium=csv&utm_campaign=github&utm_term=apply","2026-09-07"
"Israel Aerospace Industries","Aerospace","l","Hard RT Embedded Software Infrastructure Engineer","Engineer","לוד","https://il.linkedin.com/jobs/view/hard-rt-embedded-software-infrastructure-engineer-at-iai-israel-aerospace-industries-4461868813?utm_source=techmap&utm_medium=csv&utm_campaign=github&utm_term=apply","2026-09-07"
"BIRD Aerosystems","Aerospace","m","Mechanical Engineer","Engineer","הרצליה","https://www.comeet.com/jobs/birdaero/97.006/mechanical-engineer/85.D6A?utm_source=techmap&utm_medium=csv&utm_campaign=github&utm_term=apply","2026-09-06"
"SolarEdge Technologies","Sustainable Technology","l","Senior Electrical Engineer (Licensed Engineer Electrician)","Engineer","הרצליה","https://www.comeet.com/jobs/SolarEdge/71.00A/senior-electrical-engineer-licensed-engineer-electrician/D2.274?utm_source=techmap&utm_medium=csv&utm_campaign=github&utm_term=apply","2026-09-06"
"Tower Semiconductor","Semiconductors","l","Senior Electrical Reliability Engineer","Engineer","מגדל העמק","https://il.linkedin.com/jobs/view/senior-electrical-reliability-engineer-at-tower-semiconductor-4451121296?utm_source=techmap&utm_medium=csv&utm_campaign=github&utm_term=apply","2026-09-06"
"Retym","Productivity","s","Mixed-Signal Verification Team Lead","Manager","תל אביב-יפו","https://www.comeet.com/jobs/retym/C6.003/mixed-signal-verification-team-lead/B2.F4D?utm_source=techmap&utm_medium=csv&utm_campaign=github&utm_term=apply","2026-08-30"
"SolarEdge Technologies","Sustainable Technology","l","Experienced ATE HW Engineer","Engineer","הרצליה","https://www.comeet.com/jobs/SolarEdge/71.00A/experienced-ate-hw-engineer/0E.860?utm_source=techmap&utm_medium=csv&utm_campaign=github&utm_term=apply","2026-08-26"
"Prisma Photonics","IoT","m","Electro Optics Systems Engineer","Engineer","תל אביב-יפו","https://www.comeet.com/jobs/prismaphotonics/18.00C/electro-optics-systems-engineer/24.D6E?utm_source=techmap&utm_medium=csv&utm_campaign=github&utm_term=apply","2026-07-20"
"Netafim","Sustainable Technology","l","Electrician","Engineer","תל אביב-יפו","https://www.comeet.com/jobs/netafim/B7.002/electrician/63.A66?utm_source=techmap&utm_medium=csv&utm_campaign=github&utm_term=apply","2026-07-16"
"Enercon","Aerospace","m","Mechanical Engineer","Engineer","נתניה","https://www.comeet.com/jobs/enercon/A4.00D/mechanical-engineer/FD.066?utm_source=techmap&utm_medium=csv&utm_campaign=github&utm_term=apply","2026-05-14"
"BIRD Aerosystems","Aerospace","m","Aircrafts electrical engineer","Engineer","הרצליה","https://www.comeet.com/jobs/birdaero/97.006/aircrafts-electrical-engineer/51.05B?utm_source=techmap&utm_medium=csv&utm_campaign=github&utm_term=apply","2026-03-29"
"Enercon","Aerospace","m","Electronics Technician","Engineer","נתניה","https://www.comeet.com/jobs/enercon/A4.00D/electronics-technician/15.257?utm_source=techmap&utm_medium=csv&utm_campaign=github&utm_term=apply","2025-10-19"