"company","category","size","title","level","city","url","updated"
"Final","Fintech","l","Senior C++  Software Engineer","Engineer","הרצליה","https://www.comeet.com/jobs/final/C0.009/senior-c--software-engineer/9F.26E?utm_source=techmap&utm_medium=csv&utm_campaign=github&utm_term=apply","2026-10-08"
"mPrest","IoT","m","Software Team Leader (Defense)","Manager","פתח תקווה","https://www.comeet.com/jobs/mprest/38.005/software-team-leader-defense/0E.E67?utm_source=techmap&utm_medium=csv&utm_campaign=github&utm_term=apply","2026-10-08"
"Tikal","Productivity","l","Fullstack- Senior FS Engineer","Engineer","תל אביב","https://www.comeet.com/jobs/tikalk/68.00C/fullstack--senior-fs-engineer/54.B36?utm_source=techmap&utm_medium=csv&utm_campaign=github&utm_term=apply","2026-10-08"
"Tikal","Productivity","l","Senior Backend Engineer","Engineer","תל אביב","https://www.comeet.com/jobs/tikalk/68.00C/senior-backend-engineer/13.532?utm_source=techmap&utm_medium=csv&utm_campaign=github&utm_term=apply","2026-10-08"
"Checkmarx","Cybersecurity","l","Senior Software Engineer (Go)","Engineer","Ramat Gan","https://www.comeet.com/jobs/checkmarx/C0.008/senior-software-engineer-go/35.27F?utm_source=techmap&utm_medium=csv&utm_campaign=github&utm_term=apply","2026-10-08"
"Windward","Automotive","m","Solution Engineer","Engineer","תל אביב-יפו","https://www.comeet.com/jobs/windward/31.002/solution-engineer/AE.F60?utm_source=techmap&utm_medium=csv&utm_campaign=github&utm_term=apply","2026-10-08"
"SolarEdge Technologies","Sustainable Technology","l","Debug Practical Engineer","Engineer","הרצליה","https://www.comeet.com/jobs/SolarEdge/71.00A/debug-practical-engineer/9D.862?utm_source=techmap&utm_medium=csv&utm_campaign=github&utm_term=apply","2026-10-08"
"Coralogix","Cloud Computing","l","Backend Engineer","Engineer","רמת גן","https://www.comeet.com/jobs/coralogix/06.004/backend-engineer/0E.C68?utm_source=techmap&utm_medium=csv&utm_campaign=github&utm_term=apply","2026-10-08"
"Coralogix","Cloud Computing","l","Software Engineer (Coralogix AI)","Engineer","רמת גן","https://www.comeet.com/jobs/coralogix/06.004/software-engineer-coralogix-ai/FB.254?utm_source=techmap&utm_medium=csv&utm_campaign=github&utm_term=apply","2026-10-08"
"Cross River Technologies","Fintech","m","Staff Software Engineer","Engineer","תל אביב-יפו","https://www.comeet.com/jobs/crossriver/C7.00F/staff-software-engineer/4E.17F?utm_source=techmap&utm_medium=csv&utm_campaign=github&utm_term=apply","2026-10-08"
"DriveNets","Productivity","l","ATE Software Engineer","Engineer","רעננה","https://www.comeet.com/jobs/drivenets/72.006/ate-software-engineer/95.271?utm_source=techmap&utm_medium=csv&utm_campaign=github&utm_term=apply","2026-10-08"
"FullPath","Automotive","l","Hands-On Backend Team Lead","Manager","תל אביב-יפו","https://www.comeet.com/jobs/fullpath/54.002/hands-on-backend-team-lead/D4.277?utm_source=techmap&utm_medium=csv&utm_campaign=github&utm_term=apply","2026-10-08"
"FullPath","Automotive","l","Mid-Level Backend Engineer","Engineer","ירושלים","https://www.comeet.com/jobs/fullpath/54.002/mid-level-backend-engineer/4C.173?utm_source=techmap&utm_medium=csv&utm_campaign=github&utm_term=apply","2026-10-08"
"FullPath","Automotive","l","Senior Backend Engineer","Engineer","ירושלים","https://www.comeet.com/jobs/fullpath/54.002/senior-backend-engineer/97.069?utm_source=techmap&utm_medium=csv&utm_campaign=github&utm_term=apply","2026-10-08"
"Silverfort","Cybersecurity","l","Full Stack Tech Lead","Tech Lead","תל אביב-יפו","https://www.comeet.com/jobs/silverfort/54.007/full-stack-tech-lead/E8.E66?utm_source=techmap&utm_medium=csv&utm_campaign=github&utm_term=apply","2026-10-08"
"Silverfort","Cybersecurity","l","Senior Backend Software Engineer","Engineer","תל אביב-יפו","https://www.comeet.com/jobs/silverfort/54.007/senior-backend-software-engineer/90.37D?utm_source=techmap&utm_medium=csv&utm_campaign=github&utm_term=apply","2026-10-08"
"Silverfort","Cybersecurity","l","Senior Backend Software Engineer (AI Engineering)","Engineer","תל אביב-יפו","https://www.comeet.com/jobs/silverfort/54.007/senior-backend-software-engineer-ai-engineering/7E.F60?utm_source=techmap&utm_medium=csv&utm_campaign=github&utm_term=apply","2026-10-08"
"Riverside.fm","AI/ML","l","Senior Software Engineer, Live Call Team","Engineer","תל אביב-יפו","https://www.comeet.com/jobs/riverside-fm/66.009/senior-software-engineer-live-call-team/34.D6E?utm_source=techmap&utm_medium=csv&utm_campaign=github&utm_term=apply","2026-10-08"
"Retym","Productivity","s","System Integration Engineer","Engineer","תל אביב-יפו","https://www.comeet.com/jobs/retym/C6.003/system-integration-engineer/2F.073?utm_source=techmap&utm_medium=csv&utm_campaign=github&utm_term=apply","2026-10-08"
"ActiveFence","Cybersecurity","l","Member of the Technical Staff, AI Research - CTO Office","Engineer","בנימינה גבעת עדה","https://www.comeet.com/jobs/alice/D5.005/member-of-the-technical-staff-ai-research---cto-office/96.279?utm_source=techmap&utm_medium=csv&utm_campaign=github&utm_term=apply","2026-10-08"
"ActiveFence","Cybersecurity","l","Senior Software Developer — Malware Research Platform","Engineer","בנימינה גבעת עדה","https://www.comeet.com/jobs/alice/D5.005/senior-software-developer--malware-research-platform/A5.C6E?utm_source=techmap&utm_medium=csv&utm_campaign=github&utm_term=apply","2026-10-08"
"Rapyd Financial Network","Fintech","l","Escalation Engineer","Engineer","תל אביב-יפו","https://www.comeet.com/jobs/rapyd/73.00E/escalation-engineer/10.76C?utm_source=techmap&utm_medium=csv&utm_campaign=github&utm_term=apply","2026-10-08"
"Personetics Technologies","AI/ML","l","Senior Backend Engineer","Engineer","גבעתיים","https://www.comeet.com/jobs/personetics/83.00A/senior-backend-engineer/54.96A?utm_source=techmap&utm_medium=csv&utm_campaign=github&utm_term=apply","2026-10-08"
"Personetics Technologies","AI/ML","l","Software Architect","Architect","גבעתיים","https://www.comeet.com/jobs/personetics/83.00A/software-architect/A2.D66?utm_source=techmap&utm_medium=csv&utm_campaign=github&utm_term=apply","2026-10-08"
"XTEND","Aerospace","m","Engineering Pilot","Engineer","תל אביב-יפו","https://www.comeet.com/jobs/xtend/85.00A/engineering-pilot/52.37A?utm_source=techmap&utm_medium=csv&utm_campaign=github&utm_term=apply","2026-10-08"
"Zero Networks","Cybersecurity","m","Software Engineer (Data Platform)","Engineer","תל אביב-יפו","https://www.comeet.com/jobs/zeronetworks/39.00F/software-engineer-data-platform/F0.E46?utm_source=techmap&utm_medium=csv&utm_campaign=github&utm_term=apply","2026-10-08"
"Claroty","Cybersecurity","l","Backend Software Engineer","Engineer","תל אביב-יפו","https://www.comeet.com/jobs/Claroty/F2.004/backend-software-engineer/0A.374?utm_source=techmap&utm_medium=csv&utm_campaign=github&utm_term=apply","2026-10-08"
"Claroty","Cybersecurity","l","Software Engineering Team Lead","Manager","תל אביב-יפו","https://www.comeet.com/jobs/Claroty/F2.004/software-engineering-team-lead/89.B65?utm_source=techmap&utm_medium=csv&utm_campaign=github&utm_term=apply","2026-10-08"
"Ceragon Networks","Telecommunications","l","DSP Engineer","Engineer","ראש העין","https://www.comeet.com/jobs/Ceragon/D3.003/dsp-engineer/85.271?utm_source=techmap&utm_medium=csv&utm_campaign=github&utm_term=apply","2026-10-07"
"CEVA","Productivity","l","AI Python Developer","Engineer","הרצליה","https://www.comeet.com/jobs/ceva/76.005/ai-python-developer/B6.379?utm_source=techmap&utm_medium=csv&utm_campaign=github&utm_term=apply","2026-10-07"
"Kaltura","Digital Media","l","Backend Team Lead","Manager","בני ברק","https://www.comeet.com/jobs/kaltura/E2.00D/backend-team-lead/D7.37E?utm_source=techmap&utm_medium=csv&utm_campaign=github&utm_term=apply","2026-10-07"
"Global-e","Productivity","l","Applicative SQL Server DBA","Engineer","פתח תקווה","https://www.comeet.com/jobs/global-e/62.002/applicative-sql-server-dba/D9.963?utm_source=techmap&utm_medium=csv&utm_campaign=github&utm_term=apply","2026-10-07"
"Global-e","Productivity","l","Delivery Solution Engineer","Engineer","פתח תקווה","https://www.comeet.com/jobs/global-e/62.002/delivery-solution-engineer/26.861?utm_source=techmap&utm_medium=csv&utm_campaign=github&utm_term=apply","2026-10-07"
"SolarEdge Technologies","Sustainable Technology","l","C# Software Developer","Engineer","הרצליה","https://www.comeet.com/jobs/SolarEdge/71.00A/c-software-developer/25.272?utm_source=techmap&utm_medium=csv&utm_campaign=github&utm_term=apply","2026-10-07"
"SolarEdge Technologies","Sustainable Technology","l","Debug Engineer","Engineer","הרצליה","https://www.comeet.com/jobs/SolarEdge/71.00A/debug-engineer/8C.867?utm_source=techmap&utm_medium=csv&utm_campaign=github&utm_term=apply","2026-10-07"
"SolarEdge Technologies","Sustainable Technology","l","Embedded Software Engineer","Engineer","הרצליה","https://www.comeet.com/jobs/SolarEdge/71.00A/embedded-software-engineer/DB.270?utm_source=techmap&utm_medium=csv&utm_campaign=github&utm_term=apply","2026-10-07"
"Coralogix","Cloud Computing","l","Backend Engineer - Alerting","Engineer","רמת גן","https://www.comeet.com/jobs/coralogix/06.004/backend-engineer---alerting/1B.E5C?utm_source=techmap&utm_medium=csv&utm_campaign=github&utm_term=apply","2026-10-07"
"Cross River Technologies","Fintech","m","Senior .Net Back-End Engineer","Engineer","תל אביב-יפו","https://www.comeet.com/jobs/crossriver/C7.00F/senior-_net-back-end-engineer/FB.857?utm_source=techmap&utm_medium=csv&utm_campaign=github&utm_term=apply","2026-10-07"
"Cross River Technologies","Fintech","m","Senior Back-End Engineer","Engineer","תל אביב-יפו","https://www.comeet.com/jobs/crossriver/C7.00F/senior-back-end-engineer/A2.934?utm_source=techmap&utm_medium=csv&utm_campaign=github&utm_term=apply","2026-10-07"
"DriveNets","Productivity","l","Senior Power Integrity Engineer","Engineer","רעננה","https://www.comeet.com/jobs/drivenets/72.006/senior-power-integrity-engineer/F1.C6D?utm_source=techmap&utm_medium=csv&utm_campaign=github&utm_term=apply","2026-10-07"
"DriveNets","Productivity","l","Senior Signal Integrity Engineer","Engineer","רעננה","https://www.comeet.com/jobs/drivenets/72.006/senior-signal-integrity-engineer/C8.45B?utm_source=techmap&utm_medium=csv&utm_campaign=github&utm_term=apply","2026-10-07"
"DriveNets","Productivity","l","System Architect","Architect","רעננה","https://www.comeet.com/jobs/drivenets/72.006/system-architect/33.E51?utm_source=techmap&utm_medium=csv&utm_campaign=github&utm_term=apply","2026-10-07"
"Optibus","AI/ML","l","Senior Full Stack Engineer, Gen AI","Engineer","תל אביב-יפו","https://www.comeet.com/jobs/optibus/D1.00C/senior-full-stack-engineer-gen-ai/06.07C?utm_source=techmap&utm_medium=csv&utm_campaign=github&utm_term=apply","2026-10-07"
"Pentera","Cybersecurity","l","Senior Backend Engineer","Engineer","פתח תקווה","https://www.comeet.com/jobs/pentera/C5.00D/senior-backend-engineer/2F.074?utm_source=techmap&utm_medium=csv&utm_campaign=github&utm_term=apply","2026-10-07"
"Cycode","Cybersecurity","m","Backend Engineer","Engineer","תל אביב-יפו","https://www.comeet.com/jobs/cycode/A8.00D/backend-engineer/FF.049?utm_source=techmap&utm_medium=csv&utm_campaign=github&utm_term=apply","2026-10-07"
"Driivz","Automotive","m","Backend Team Lead","Manager","הוד השרון","https://www.comeet.com/jobs/driivz/C4.00B/backend-team-lead/FA.B68?utm_source=techmap&utm_medium=csv&utm_campaign=github&utm_term=apply","2026-10-07"
"BioCatch","Cybersecurity","l","AI & Software Infra Engineer","Engineer","תל אביב-יפו","https://www.comeet.com/jobs/biocatch/03.00E/ai--software-infra-engineer/32.F6C?utm_source=techmap&utm_medium=csv&utm_campaign=github&utm_term=apply","2026-10-07"
"BioCatch","Cybersecurity","l","Senior Backend Developer","Engineer","תל אביב-יפו","https://www.comeet.com/jobs/biocatch/03.00E/senior-backend-developer/EF.07B?utm_source=techmap&utm_medium=csv&utm_campaign=github&utm_term=apply","2026-10-07"
"BioCatch","Cybersecurity","l","Software Engineer - Web SDK","Engineer","תל אביב-יפו","https://www.comeet.com/jobs/biocatch/03.00E/software-engineer---web-sdk/8D.279?utm_source=techmap&utm_medium=csv&utm_campaign=github&utm_term=apply","2026-10-07"
"XTEND","Aerospace","m","Backend Developer (c++)","Engineer","תל אביב-יפו","https://www.comeet.com/jobs/xtend/85.00A/backend-developer-c/66.371?utm_source=techmap&utm_medium=csv&utm_campaign=github&utm_term=apply","2026-10-07"
"Legit Security","Cybersecurity","m","Software Eng Team Lead","Manager","תל אביב-יפו","https://www.comeet.com/jobs/legitsecurity.com/37.004/software-eng-team-lead/6A.37E?utm_source=techmap&utm_medium=csv&utm_campaign=github&utm_term=apply","2026-10-07"
"Ceragon Networks","Telecommunications","l","Mechanical Design Engineer (R&D)","Engineer","ראש העין","https://www.comeet.com/jobs/Ceragon/D3.003/mechanical-design-engineer-rd/59.668?utm_source=techmap&utm_medium=csv&utm_campaign=github&utm_term=apply","2026-10-06"
"CEVA","Productivity","l","CAD/Emulation Engineer","Engineer","הרצליה","https://www.comeet.com/jobs/ceva/76.005/cademulation-engineer/68.37A?utm_source=techmap&utm_medium=csv&utm_campaign=github&utm_term=apply","2026-10-06"
"CEVA","Productivity","l","CAD/Emulation Graduate Engineer","Engineer","הרצליה","https://www.comeet.com/jobs/ceva/76.005/cademulation-graduate-engineer/BF.077?utm_source=techmap&utm_medium=csv&utm_campaign=github&utm_term=apply","2026-10-06"
"Atera Networks","Productivity","l","Platform Tech Lead","Tech Lead","תל אביב-יפו","https://www.comeet.com/jobs/atera/63.00B/platform-tech-lead/1C.F6A?utm_source=techmap&utm_medium=csv&utm_campaign=github&utm_term=apply","2026-10-06"
"Plus500","Fintech","l","Web Software Engineer (TLV)","Engineer","חיפה","https://www.comeet.com/jobs/plus500/A1.00F/web-software-engineer-tlv/C8.753?utm_source=techmap&utm_medium=csv&utm_campaign=github&utm_term=apply","2026-10-06"
"Gloat","Productivity","m","Senior Backend Engineer","Engineer","תל אביב-יפו","https://www.comeet.com/jobs/gloat/E5.000/senior-backend-engineer/13.F62?utm_source=techmap&utm_medium=csv&utm_campaign=github&utm_term=apply","2026-10-06"
"SolarEdge Technologies","Sustainable Technology","l","ATE Engineer","Engineer","הרצליה","https://www.comeet.com/jobs/SolarEdge/71.00A/ate-engineer/A7.37B?utm_source=techmap&utm_medium=csv&utm_campaign=github&utm_term=apply","2026-10-06"
"DriveNets","Productivity","l","Principal Software Engineer","Engineer","רעננה","https://www.comeet.com/jobs/drivenets/72.006/principal-software-engineer/0B.163?utm_source=techmap&utm_medium=csv&utm_campaign=github&utm_term=apply","2026-10-06"
"DriveNets","Productivity","l","Software Engineer","Engineer","רעננה","https://www.comeet.com/jobs/drivenets/72.006/software-engineer/F6.93A?utm_source=techmap&utm_medium=csv&utm_campaign=github&utm_term=apply","2026-10-06"
"Silverfort","Cybersecurity","l","Full Stack Software Engineer","Engineer","תל אביב-יפו","https://www.comeet.com/jobs/silverfort/54.007/full-stack-software-engineer/5E.66D?utm_source=techmap&utm_medium=csv&utm_campaign=github&utm_term=apply","2026-10-06"
"ACS Motion Control","Robotics & Automation","m","Automated Test Equipment Engineer","Engineer","יקנעם עילית","https://www.comeet.com/jobs/ACS/14.000/automated-test-equipment-engineer/07.B3A?utm_source=techmap&utm_medium=csv&utm_campaign=github&utm_term=apply","2026-10-06"
"Arpeely","AdTech","m","Senior Full-Stack Mobile Developer","Engineer","תל אביב-יפו","https://www.comeet.com/jobs/arpeely/57.001/senior-full-stack-mobile-developer/8D.07C?utm_source=techmap&utm_medium=csv&utm_campaign=github&utm_term=apply","2026-10-06"
"Claroty","Cybersecurity","l","AI Platform- Software Engineer Team Leader","Manager","תל אביב-יפו","https://www.comeet.com/jobs/Claroty/F2.004/ai-platform--software-engineer-team-leader/CE.079?utm_source=techmap&utm_medium=csv&utm_campaign=github&utm_term=apply","2026-10-06"
"Claroty","Cybersecurity","l","Senior Manager - Software Engineering","Manager","תל אביב-יפו","https://www.comeet.com/jobs/Claroty/F2.004/senior-manager---software-engineering/2D.073?utm_source=techmap&utm_medium=csv&utm_campaign=github&utm_term=apply","2026-10-06"
"Jeen AI","Productivity","s","Senior Backend Engineer","Engineer","תל אביב-יפו","https://il.linkedin.com/jobs/view/senior-backend-engineer-at-jeen-ai-4476147896?utm_source=techmap&utm_medium=csv&utm_campaign=github&utm_term=apply","2026-10-06"
"HiBob","Productivity","l","Backend Engineer","Engineer","תל אביב-יפו","https://il.linkedin.com/jobs/view/backend-engineer-at-hibob-4476154628?utm_source=techmap&utm_medium=csv&utm_campaign=github&utm_term=apply","2026-10-06"
"Plus500","Fintech","l","Web Software Engineer","Engineer","חיפה","https://il.linkedin.com/jobs/view/web-software-engineer-at-plus500%E2%84%A2-4474043248?utm_source=techmap&utm_medium=csv&utm_campaign=github&utm_term=apply","2026-10-06"
"Plus500","Fintech","l","Senior Web Engineer","Engineer","חיפה","https://il.linkedin.com/jobs/view/senior-web-engineer-at-plus500%E2%84%A2-4474028792?utm_source=techmap&utm_medium=csv&utm_campaign=github&utm_term=apply","2026-10-06"
"CONTROP Precision Technologies","Aerospace","l","Integration & Test Engineer","Engineer","הוד השרון","https://il.linkedin.com/jobs/view/integration-test-engineer-at-controp-precision-technologies-ltd-4472132978?utm_source=techmap&utm_medium=csv&utm_campaign=github&utm_term=apply","2026-10-06"
"Quantum Machines","IoT","m","Python Engineer","Engineer","תל אביב-יפו","https://il.linkedin.com/jobs/view/python-engineer-at-quantum-machines-4474686403?utm_source=techmap&utm_medium=csv&utm_campaign=github&utm_term=apply","2026-10-06"
"Jeen AI","Productivity","s","Full Stack Team Lead","Manager","תל אביב-יפו","https://il.linkedin.com/jobs/view/full-stack-team-lead-at-jeen-ai-4476146914?utm_source=techmap&utm_medium=csv&utm_campaign=github&utm_term=apply","2026-10-06"
"Medtronic","Health","l","Process Engineer","Engineer","הרצליה","https://il.linkedin.com/jobs/view/process-engineer-at-medtronic-4476148788?utm_source=techmap&utm_medium=csv&utm_campaign=github&utm_term=apply","2026-10-06"
"Radware","Cybersecurity","l","Software Tech Lead","Tech Lead","תל אביב-יפו","https://il.linkedin.com/jobs/view/software-tech-lead-at-radware-4449835961?utm_source=techmap&utm_medium=csv&utm_campaign=github&utm_term=apply","2026-10-06"
"Nvidia","AI/ML","l","Senior Software Engineer, AIOps","Engineer","תל אביב-יפו","https://il.linkedin.com/jobs/view/senior-software-engineer-aiops-at-nvidia-4474655104?utm_source=techmap&utm_medium=csv&utm_campaign=github&utm_term=apply","2026-10-06"
"Nvidia","AI/ML","l","Software QA Engineer","Engineer","יקנעם עילית","https://il.linkedin.com/jobs/view/software-qa-engineer-at-nvidia-4474638774?utm_source=techmap&utm_medium=csv&utm_campaign=github&utm_term=apply","2026-10-06"
"Nvidia","AI/ML","l","Senior Software Engineer - Backend Platform","Engineer","רעננה","https://il.linkedin.com/jobs/view/senior-software-engineer-backend-platform-at-nvidia-4474647290?utm_source=techmap&utm_medium=csv&utm_campaign=github&utm_term=apply","2026-10-06"
"Aitech","Aerospace","l","BSP Software Design Engineer","Engineer","כפר סבא","https://www.comeet.com/jobs/aitechsystems/88.004/bsp-software-design-engineer/0D.F55?utm_source=techmap&utm_medium=csv&utm_campaign=github&utm_term=apply","2026-10-05"
"CEVA","Productivity","l","Wireless Platform Architect","Architect","הרצליה","https://www.comeet.com/jobs/ceva/76.005/wireless-platform-architect/B7.374?utm_source=techmap&utm_medium=csv&utm_campaign=github&utm_term=apply","2026-10-05"
"mPrest","IoT","m","C# Developer","Engineer","פתח תקווה","https://www.comeet.com/jobs/mprest/38.005/c-developer/F9.569?utm_source=techmap&utm_medium=csv&utm_campaign=github&utm_term=apply","2026-10-05"
"mPrest","IoT","m","Full Stack Team Leader","Manager","פתח תקווה","https://www.comeet.com/jobs/mprest/38.005/full-stack-team-leader/1D.075?utm_source=techmap&utm_medium=csv&utm_campaign=github&utm_term=apply","2026-10-05"
"mPrest","IoT","m","System Engineer (Defense)","Engineer","פתח תקווה","https://www.comeet.com/jobs/mprest/38.005/system-engineer-defense/48.E50?utm_source=techmap&utm_medium=csv&utm_campaign=github&utm_term=apply","2026-10-05"
"DealHub","Productivity","l","Java Team Lead","Manager","חולון","https://www.comeet.com/jobs/dealhub/86.005/java-team-lead/2E.86A?utm_source=techmap&utm_medium=csv&utm_campaign=github&utm_term=apply","2026-10-05"
"DealHub","Productivity","l","Staff Software Engineer","Engineer","חולון","https://www.comeet.com/jobs/dealhub/86.005/staff-software-engineer/DC.27C?utm_source=techmap&utm_medium=csv&utm_campaign=github&utm_term=apply","2026-10-05"
"SolarEdge Technologies","Sustainable Technology","l","Junior Embedded Software Engineer","Engineer","הרצליה","https://www.comeet.com/jobs/SolarEdge/71.00A/junior-embedded-software-engineer/66.278?utm_source=techmap&utm_medium=csv&utm_campaign=github&utm_term=apply","2026-10-05"
"SolarEdge Technologies","Sustainable Technology","l","Junior Power Control System Engineer","Engineer","הרצליה","https://www.comeet.com/jobs/SolarEdge/71.00A/junior-power-control-system-engineer/6B.D64?utm_source=techmap&utm_medium=csv&utm_campaign=github&utm_term=apply","2026-10-05"
"365Scores","Digital Media","l","Backend Tech Lead","Tech Lead","תל אביב-יפו","https://www.comeet.com/jobs/365scores/B3.006/backend-tech-lead/B5.652?utm_source=techmap&utm_medium=csv&utm_campaign=github&utm_term=apply","2026-10-05"
"BIRD Aerosystems","Aerospace","m","Senior Systems Engineer – System of Systems","Engineer","הרצליה","https://www.comeet.com/jobs/birdaero/97.006/senior-systems-engineer--system-of-systems/7D.175?utm_source=techmap&utm_medium=csv&utm_campaign=github&utm_term=apply","2026-10-05"
"BIRD Aerosystems","Aerospace","m","Solutions System Engineer","Engineer","הרצליה","https://www.comeet.com/jobs/birdaero/97.006/solutions-system-engineer/83.E60?utm_source=techmap&utm_medium=csv&utm_campaign=github&utm_term=apply","2026-10-05"
"Wiliot","IoT","l","Senior Backend Engineer","Engineer","קיסריה","https://www.comeet.com/jobs/wiliot/F6.003/senior-backend-engineer/D2.C6B?utm_source=techmap&utm_medium=csv&utm_campaign=github&utm_term=apply","2026-10-05"
"Landa Digital Printing","Digital Media","l","Backend Software Engineer","Engineer","גבעת ברנר","https://www.comeet.com/jobs/landacorp/A4.000/backend-software-engineer/58.375?utm_source=techmap&utm_medium=csv&utm_campaign=github&utm_term=apply","2026-10-05"
"Zero Networks","Cybersecurity","m","Backend Engineer","Engineer","תל אביב-יפו","https://www.comeet.com/jobs/zeronetworks/39.00F/backend-engineer/97.37D?utm_source=techmap&utm_medium=csv&utm_campaign=github&utm_term=apply","2026-10-05"
"Zero Networks","Cybersecurity","m","Senior Backend Engineer","Engineer","תל אביב-יפו","https://www.comeet.com/jobs/zeronetworks/39.00F/senior-backend-engineer/00.14D?utm_source=techmap&utm_medium=csv&utm_campaign=github&utm_term=apply","2026-10-05"
"Viz.ai","Health","l","Senior System Engineer","Engineer","תל אביב-יפו","https://il.linkedin.com/jobs/view/senior-system-engineer-at-viz-ai-4474636462?utm_source=techmap&utm_medium=csv&utm_campaign=github&utm_term=apply","2026-10-05"
"AutoFleet","Automotive","m","Group Lead- Full Stack","Manager","תל אביב-יפו","https://il.linkedin.com/jobs/view/group-lead-full-stack-at-autofleet-4443236446?utm_source=techmap&utm_medium=csv&utm_campaign=github&utm_term=apply","2026-10-05"
"Amazon","E-commerce & Retail","l","Embedded Software Engineer, Annapurna","Engineer","תל אביב-יפו","https://il.linkedin.com/jobs/view/embedded-software-engineer-annapurna-at-amazon-4475529049?utm_source=techmap&utm_medium=csv&utm_campaign=github&utm_term=apply","2026-10-05"
"AKEYLESS","Cybersecurity","m","Escalation Engineer","Engineer","רמת גן","https://il.linkedin.com/jobs/view/escalation-engineer-at-akeyless-security-4463231802?utm_source=techmap&utm_medium=csv&utm_campaign=github&utm_term=apply","2026-10-05"
"GroWings","Robotics & Automation","s","Senior flight Control Engineer","Engineer","קדימה צורן","https://il.linkedin.com/jobs/view/senior-flight-control-engineer-at-growings-robotx-4376567776?utm_source=techmap&utm_medium=csv&utm_campaign=github&utm_term=apply","2026-10-05"
"Finout","Fintech","m","Senior Fullstack Engineer","Engineer","תל אביב-יפו","https://il.linkedin.com/jobs/view/senior-fullstack-engineer-at-finout-4318558094?utm_source=techmap&utm_medium=csv&utm_campaign=github&utm_term=apply","2026-10-05"
"Zenity","Cybersecurity","s","Director of Platform Engineering","Executive","תל אביב-יפו","https://il.linkedin.com/jobs/view/director-of-platform-engineering-at-zenity-4474279863?utm_source=techmap&utm_medium=csv&utm_campaign=github&utm_term=apply","2026-10-05"
"Cato Networks","Cybersecurity","l","Software Engineer","Engineer","בני ברק","https://il.linkedin.com/jobs/view/software-engineer-at-cato-networks-4464789461?utm_source=techmap&utm_medium=csv&utm_campaign=github&utm_term=apply","2026-10-05"
"Autodesk","Productivity","m","Senior Back End Software Engineer - Fixed term for 6 months","Engineer","תל אביב-יפו","https://il.linkedin.com/jobs/view/senior-back-end-software-engineer-fixed-term-for-6-months-at-autodesk-4474256617?utm_source=techmap&utm_medium=csv&utm_campaign=github&utm_term=apply","2026-10-05"
"Aidoc","Health","l","Backend Tech Lead","Tech Lead","תל אביב-יפו","https://il.linkedin.com/jobs/view/backend-tech-lead-at-aidoc-4439785615?utm_source=techmap&utm_medium=csv&utm_campaign=github&utm_term=apply","2026-10-05"
"Akamai Technologies","Cloud Computing","l","Senior Software Engineer – Backend, Big Data & AI","Engineer","תל אביב-יפו","https://il.linkedin.com/jobs/view/senior-software-engineer-%E2%80%93-backend-big-data-ai-at-akamai-technologies-4475531149?utm_source=techmap&utm_medium=csv&utm_campaign=github&utm_term=apply","2026-10-05"
"SciPlay","Gaming","l","Senior Platform Engineer","Engineer","רמת גן","https://il.linkedin.com/jobs/view/senior-platform-engineer-at-sciplay-4391151881?utm_source=techmap&utm_medium=csv&utm_campaign=github&utm_term=apply","2026-10-05"
"Apono","Cybersecurity","s","Senior Backend Engineer, Customer-Facing R&D","Engineer","תל אביב-יפו","https://il.linkedin.com/jobs/view/senior-backend-engineer-customer-facing-r-d-at-apono-4474263464?utm_source=techmap&utm_medium=csv&utm_campaign=github&utm_term=apply","2026-10-05"
"AppsFlyer","AdTech","l","Software Team Leader- Domain Team","Manager","הרצליה","https://il.linkedin.com/jobs/view/software-team-leader-domain-team-at-appsflyer-4474291360?utm_source=techmap&utm_medium=csv&utm_campaign=github&utm_term=apply","2026-10-05"
"Yahoo!","Digital Media","xl","Software Dev Engineer - Cloud Infrastructure","Engineer","רמת גן","https://il.linkedin.com/jobs/view/software-dev-engineer-cloud-infrastructure-at-yahoo-4429362033?utm_source=techmap&utm_medium=csv&utm_campaign=github&utm_term=apply","2026-10-05"
"Taboola","AdTech","l","Experienced Full Stack Engineer","Engineer","רמת גן","https://il.linkedin.com/jobs/view/experienced-full-stack-engineer-at-taboola-4475549023?utm_source=techmap&utm_medium=csv&utm_campaign=github&utm_term=apply","2026-10-05"
"Rafael Advanced Defense Systems","Aerospace","l","Head of Software Engineering","Executive","חיפה","https://il.linkedin.com/jobs/view/head-of-software-engineering-at-rafael-advanced-defense-systems-4470435129?utm_source=techmap&utm_medium=csv&utm_campaign=github&utm_term=apply","2026-10-05"
"Rafael Advanced Defense Systems","Aerospace","l","Software Engineering Team Lead","Manager","חיפה","https://il.linkedin.com/jobs/view/software-engineering-team-lead-at-rafael-advanced-defense-systems-4467065550?utm_source=techmap&utm_medium=csv&utm_campaign=github&utm_term=apply","2026-10-05"
"Cyabra","Cybersecurity","m","Backend Team Lead","Manager","תל אביב-יפו","https://il.linkedin.com/jobs/view/backend-team-lead-at-cyabra-4442873044?utm_source=techmap&utm_medium=csv&utm_campaign=github&utm_term=apply","2026-10-05"
"Parallel Wireless","Telecommunications","l","Lead Software Engineer","Engineer","צור יגאל","https://il.linkedin.com/jobs/view/lead-software-engineer-at-parallel-wireless-4465782237?utm_source=techmap&utm_medium=csv&utm_campaign=github&utm_term=apply","2026-10-05"
"Fiverr","Productivity","l","IT Tech Lead","Tech Lead","תל אביב-יפו","https://il.linkedin.com/jobs/view/it-tech-lead-at-fiverr-4447914382?utm_source=techmap&utm_medium=csv&utm_campaign=github&utm_term=apply","2026-10-05"
"Mobileye","Automotive","l","Functional Regression Engineer","Engineer","ירושלים","https://il.linkedin.com/jobs/view/functional-regression-engineer-at-mobileye-4474269834?utm_source=techmap&utm_medium=csv&utm_campaign=github&utm_term=apply","2026-10-05"
"Intel","Semiconductors","l","Senior Signal Integrity Engineer (Hands-on)","Engineer","פתח תקווה","https://il.linkedin.com/jobs/view/senior-signal-integrity-engineer-hands-on-at-intel-4474273631?utm_source=techmap&utm_medium=csv&utm_campaign=github&utm_term=apply","2026-10-05"
"Radware","Cybersecurity","l","Cloud Service Center Engineer","Engineer","תל אביב-יפו","https://il.linkedin.com/jobs/view/cloud-service-center-engineer-at-radware-4473640796?utm_source=techmap&utm_medium=csv&utm_campaign=github&utm_term=apply","2026-10-05"
"Forter","Fintech","l","Staff Engineer, Core Engineering","Engineer","תל אביב-יפו","https://il.linkedin.com/jobs/view/staff-engineer-core-engineering-at-forter-4448164018?utm_source=techmap&utm_medium=csv&utm_campaign=github&utm_term=apply","2026-10-05"
"Quantum Machines","IoT","m","Backend Tech Lead","Tech Lead","תל אביב-יפו","https://il.linkedin.com/jobs/view/backend-tech-lead-at-quantum-machines-4438983229?utm_source=techmap&utm_medium=csv&utm_campaign=github&utm_term=apply","2026-10-05"
"Rafael Advanced Defense Systems","Aerospace","l","Software Engineer","Engineer","חיפה","https://il.linkedin.com/jobs/view/software-engineer-at-rafael-advanced-defense-systems-4467054661?utm_source=techmap&utm_medium=csv&utm_campaign=github&utm_term=apply","2026-10-05"
"Nvidia","AI/ML","l","Senior Tools Engineer","Engineer","יקנעם עילית","https://il.linkedin.com/jobs/view/senior-tools-engineer-at-nvidia-4401130466?utm_source=techmap&utm_medium=csv&utm_campaign=github&utm_term=apply","2026-10-05"
"Google","Digital Media","xl","Software Engineer III, Filestore","Engineer","תל אביב-יפו","https://il.linkedin.com/jobs/view/software-engineer-iii-filestore-at-google-4474298455?utm_source=techmap&utm_medium=csv&utm_campaign=github&utm_term=apply","2026-10-05"
"Google","Digital Media","xl","Staff Signal Integrity Engineer","Engineer","תל אביב-יפו","https://il.linkedin.com/jobs/view/staff-signal-integrity-engineer-at-google-4465729693?utm_source=techmap&utm_medium=csv&utm_campaign=github&utm_term=apply","2026-10-05"
"Moon Active","Gaming","l","Full Stack Developer","Engineer","תל אביב-יפו","https://il.linkedin.com/jobs/view/full-stack-developer-at-moon-active-4458100564?utm_source=techmap&utm_medium=csv&utm_campaign=github&utm_term=apply","2026-10-05"
"Mobileye","Automotive","l","Senior Embedded Software Engineer","Engineer","ירושלים","https://il.linkedin.com/jobs/view/senior-embedded-software-engineer-at-mobileye-4447651378?utm_source=techmap&utm_medium=csv&utm_campaign=github&utm_term=apply","2026-10-05"
"Palo Alto Networks","Cybersecurity","xl","Sr. Principal Backend Engineer (Cortex XSIAM)","Engineer","תל אביב-יפו","https://il.linkedin.com/jobs/view/sr-principal-backend-engineer-cortex-xsiam-at-palo-alto-networks-4464773894?utm_source=techmap&utm_medium=csv&utm_campaign=github&utm_term=apply","2026-10-05"
"Nvidia","AI/ML","l","Software Architect","Architect","יקנעם עילית","https://il.linkedin.com/jobs/view/software-architect-at-nvidia-4447407346?utm_source=techmap&utm_medium=csv&utm_campaign=github&utm_term=apply","2026-10-05"
"Israel Aerospace Industries","Aerospace","l","Experienced Software Engineer","Engineer","אשדוד","https://il.linkedin.com/jobs/view/experienced-software-engineer-at-iai-israel-aerospace-industries-4473642360?utm_source=techmap&utm_medium=csv&utm_campaign=github&utm_term=apply","2026-10-05"
"Israel Aerospace Industries","Aerospace","l","Navigation Engineer","Engineer","לוד","https://il.linkedin.com/jobs/view/navigation-engineer-at-iai-israel-aerospace-industries-4473635278?utm_source=techmap&utm_medium=csv&utm_campaign=github&utm_term=apply","2026-10-05"
"Nvidia","AI/ML","l","Senior Signal & Power Integrity Engineer","Engineer","יקנעם עילית","https://il.linkedin.com/jobs/view/senior-signal-power-integrity-engineer-at-nvidia-4438380216?utm_source=techmap&utm_medium=csv&utm_campaign=github&utm_term=apply","2026-10-05"
"Nvidia","AI/ML","l","STA Engineer","Engineer","תל אביב-יפו","https://il.linkedin.com/jobs/view/sta-engineer-at-nvidia-4402329637?utm_source=techmap&utm_medium=csv&utm_campaign=github&utm_term=apply","2026-10-05"
"Israel Aerospace Industries","Aerospace","l","Lead Systems Engineer","Engineer","לוד","https://il.linkedin.com/jobs/view/lead-systems-engineer-at-iai-israel-aerospace-industries-4473621511?utm_source=techmap&utm_medium=csv&utm_campaign=github&utm_term=apply","2026-10-05"
"Nvidia","AI/ML","l","Senior Software and System Architect","Architect","יקנעם עילית","https://il.linkedin.com/jobs/view/senior-software-and-system-architect-at-nvidia-4447413222?utm_source=techmap&utm_medium=csv&utm_campaign=github&utm_term=apply","2026-10-05"
"Nvidia","AI/ML","l","Senior Lab DSP Communication Engineer","Engineer","תל אביב-יפו","https://il.linkedin.com/jobs/view/senior-lab-dsp-communication-engineer-at-nvidia-4419342839?utm_source=techmap&utm_medium=csv&utm_campaign=github&utm_term=apply","2026-10-05"
"KLA","Robotics & Automation","l","Software Developer","Engineer","מגדל העמק","https://il.linkedin.com/jobs/view/software-developer-at-kla-4464782967?utm_source=techmap&utm_medium=csv&utm_campaign=github&utm_term=apply","2026-10-05"
"Cellebrite","Cybersecurity","l","Python Linux Software Developer","Engineer","פתח תקווה","https://www.comeet.com/jobs/Cellebrite/C3.00F/python-linux-software-developer/B7.369?utm_source=techmap&utm_medium=csv&utm_campaign=github&utm_term=apply","2026-10-04"
"Cross River Technologies","Fintech","m","Senior Software Engineer - IAM","Engineer","תל אביב-יפו","https://www.comeet.com/jobs/crossriver/C7.00F/senior-software-engineer---iam/A6.B46?utm_source=techmap&utm_medium=csv&utm_campaign=github&utm_term=apply","2026-10-04"
"VAST Data","Cloud Computing","l","Software Engineer -New College Grad","Engineer","תל אביב-יפו","https://www.comeet.com/jobs/vastdata/43.001/software-engineer--new-college-grad/A8.D05?utm_source=techmap&utm_medium=csv&utm_campaign=github&utm_term=apply","2026-10-04"
"Silverfort","Cybersecurity","l","Enterprise Applications Engineer (Maternity Cover)","Engineer","תל אביב-יפו","https://www.comeet.com/jobs/silverfort/54.007/enterprise-applications-engineer-maternity-cover/4E.E67?utm_source=techmap&utm_medium=csv&utm_campaign=github&utm_term=apply","2026-10-04"
"Eitan Medical","Health","l","Process Engineer","Engineer","נתניה","https://www.comeet.com/jobs/eitanmedical/C6.00F/process-engineer/85.275?utm_source=techmap&utm_medium=csv&utm_campaign=github&utm_term=apply","2026-10-04"
"Red Hat","Cloud Computing","l","Principal Software Engineer - OpenShift Virtualization Windows Guests","Engineer","רעננה","https://il.linkedin.com/jobs/view/principal-software-engineer-openshift-virtualization-windows-guests-at-red-hat-4405966585?utm_source=techmap&utm_medium=csv&utm_campaign=github&utm_term=apply","2026-10-04"
"Axonius","Cybersecurity","l","Principal Full Stack Engineer","Engineer","תל אביב-יפו","https://il.linkedin.com/jobs/view/principal-full-stack-engineer-at-axonius-4399745240?utm_source=techmap&utm_medium=csv&utm_campaign=github&utm_term=apply","2026-10-04"
"Melio","Fintech","l","Senior Full Stack Engineer","Engineer","תל אביב-יפו","https://il.linkedin.com/jobs/view/senior-full-stack-engineer-at-melio-4360142679?utm_source=techmap&utm_medium=csv&utm_campaign=github&utm_term=apply","2026-10-04"
"WorldQuant","Fintech","xl","Quantitative Developer","Engineer","רמת גן","https://il.linkedin.com/jobs/view/quantitative-developer-at-worldquant-4438878482?utm_source=techmap&utm_medium=csv&utm_campaign=github&utm_term=apply","2026-10-04"
"Microchip","Semiconductors","xl","Senior Field Application Engineer","Engineer","הוד השרון","https://il.linkedin.com/jobs/view/senior-field-application-engineer-at-microchip-technology-inc-4475395692?utm_source=techmap&utm_medium=csv&utm_campaign=github&utm_term=apply","2026-10-04"
"Keysight","Semiconductors","xl","EDA Inside Solution Engineer","Engineer","רעננה","https://il.linkedin.com/jobs/view/eda-inside-solution-engineer-at-keysight-technologies-4473476416?utm_source=techmap&utm_medium=csv&utm_campaign=github&utm_term=apply","2026-10-04"
"Orca Security","Cybersecurity","l","Software Engineering Team Manager","Manager","תל אביב-יפו","https://il.linkedin.com/jobs/view/software-engineering-team-manager-at-orca-security-4472872926?utm_source=techmap&utm_medium=csv&utm_campaign=github&utm_term=apply","2026-10-04"
"Orca Security","Cybersecurity","l","Senior Software Engineer","Engineer","תל אביב-יפו","https://il.linkedin.com/jobs/view/senior-software-engineer-at-orca-security-4475384204?utm_source=techmap&utm_medium=csv&utm_campaign=github&utm_term=apply","2026-10-04"
"Zenity","Cybersecurity","s","Software Architect","Architect","תל אביב-יפו","https://il.linkedin.com/jobs/view/software-architect-at-zenity-4474210611?utm_source=techmap&utm_medium=csv&utm_campaign=github&utm_term=apply","2026-10-04"
"InnoCAT","Health","xs","Senior System Engineer","Engineer","גבעת אלה","https://il.linkedin.com/jobs/view/senior-system-engineer-at-innocat-ltd-4473489056?utm_source=techmap&utm_medium=csv&utm_campaign=github&utm_term=apply","2026-10-04"
"Yotpo","AdTech","l","Software Engineer","Engineer","תל אביב-יפו","https://il.linkedin.com/jobs/view/software-engineer-at-yotpo-4348235368?utm_source=techmap&utm_medium=csv&utm_campaign=github&utm_term=apply","2026-10-04"
"Cust2Mate","E-commerce & Retail","s","Senior Sql Database Administrator","Engineer","תל אביב-יפו","https://il.linkedin.com/jobs/view/senior-sql-database-administrator-at-cust2mate-a2z-nasdaq-az-4475367416?utm_source=techmap&utm_medium=csv&utm_campaign=github&utm_term=apply","2026-10-04"
"Coralogix","Cloud Computing","l","Back End Developer","Engineer","רמת גן","https://il.linkedin.com/jobs/view/back-end-developer-at-coralogix-4475375865?utm_source=techmap&utm_medium=csv&utm_campaign=github&utm_term=apply","2026-10-04"
"abra","Productivity","l","C++ Engineer","Engineer","רעננה","https://il.linkedin.com/jobs/view/c%2B%2B-engineer-at-abra-4475363852?utm_source=techmap&utm_medium=csv&utm_campaign=github&utm_term=apply","2026-10-04"
"RoboTiCan","Robotics & Automation","s","Software and Algorithms Engineer","Engineer","עומר","https://il.linkedin.com/jobs/view/software-and-algorithms-engineer-at-robotican-4472695408?utm_source=techmap&utm_medium=csv&utm_campaign=github&utm_term=apply","2026-10-04"
"Papaya","Digital Media","l","Backend Engineer","Engineer","תל אביב-יפו","https://il.linkedin.com/jobs/view/backend-engineer-at-papaya-4475396454?utm_source=techmap&utm_medium=csv&utm_campaign=github&utm_term=apply","2026-10-04"
"abra","Productivity","l","Embedded Software Engineer","Engineer","רעננה","https://il.linkedin.com/jobs/view/embedded-software-engineer-at-abra-4475371359?utm_source=techmap&utm_medium=csv&utm_campaign=github&utm_term=apply","2026-10-04"
"Intel","Semiconductors","l","Power & Performance Engineer","Engineer","פתח תקווה","https://il.linkedin.com/jobs/view/power-performance-engineer-at-intel-4446751883?utm_source=techmap&utm_medium=csv&utm_campaign=github&utm_term=apply","2026-10-04"
"Tonkean","Productivity","m","Senior Software Engineer","Engineer","תל אביב-יפו","https://il.linkedin.com/jobs/view/senior-software-engineer-at-tonkean-acquired-by-coupa-4474216235?utm_source=techmap&utm_medium=csv&utm_campaign=github&utm_term=apply","2026-10-04"
"abra","Productivity","l","Integration Engineer","Engineer","רעננה","https://il.linkedin.com/jobs/view/integration-engineer-at-abra-4475371356?utm_source=techmap&utm_medium=csv&utm_campaign=github&utm_term=apply","2026-10-04"
"SimilarWeb","Productivity","l","Senior Backend Engineer, Platform Foundations","Engineer","גבעתיים","https://il.linkedin.com/jobs/view/senior-backend-engineer-platform-foundations-at-similarweb-4420292899?utm_source=techmap&utm_medium=csv&utm_campaign=github&utm_term=apply","2026-10-04"
"Omnisys","Aerospace","m","Software Team Lead","Manager","כפר קאסם","https://il.linkedin.com/jobs/view/software-team-lead-at-omnisys-4473897789?utm_source=techmap&utm_medium=csv&utm_campaign=github&utm_term=apply","2026-10-04"
"Google","Digital Media","xl","RTL Design Technical Lead, Servers, Google Cloud","Tech Lead","תל אביב-יפו","https://il.linkedin.com/jobs/view/rtl-design-technical-lead-servers-google-cloud-at-google-4366514167?utm_source=techmap&utm_medium=csv&utm_campaign=github&utm_term=apply","2026-10-04"
"Elbit Systems","Aerospace","l","Software Engineer Robotics And Systems","Engineer","חיפה","https://il.linkedin.com/jobs/view/software-engineer-robotics-and-systems-at-elbit-systems-israel-4376624723?utm_source=techmap&utm_medium=csv&utm_campaign=github&utm_term=apply","2026-10-04"
"Palo Alto Networks","Cybersecurity","xl","Principal Software Engineer - Identity Security","Engineer","תל אביב-יפו","https://il.linkedin.com/jobs/view/principal-software-engineer-identity-security-at-palo-alto-networks-4399954508?utm_source=techmap&utm_medium=csv&utm_campaign=github&utm_term=apply","2026-10-04"
"Palo Alto Networks","Cybersecurity","xl","System Internals Developer - macOS Platform Engineer (Cortex XDR)","Student","תל אביב-יפו","https://il.linkedin.com/jobs/view/system-internals-developer-macos-platform-engineer-cortex-xdr-at-palo-alto-networks-4473478879?utm_source=techmap&utm_medium=csv&utm_campaign=github&utm_term=apply","2026-10-04"
"Palo Alto Networks","Cybersecurity","xl","Experienced Backend Engineer (Cortex Agentix)","Engineer","תל אביב-יפו","https://il.linkedin.com/jobs/view/experienced-backend-engineer-cortex-agentix-at-palo-alto-networks-4473495191?utm_source=techmap&utm_medium=csv&utm_campaign=github&utm_term=apply","2026-10-04"
"Palo Alto Networks","Cybersecurity","xl","Sr Staff Engineer Software- Identity SSO (Idira)","Engineer","תל אביב-יפו","https://il.linkedin.com/jobs/view/sr-staff-engineer-software-identity-sso-idira-at-palo-alto-networks-4445836891?utm_source=techmap&utm_medium=csv&utm_campaign=github&utm_term=apply","2026-10-04"
"Israel Aerospace Industries","Aerospace","l","Systems Engineer","Engineer","לוד","https://il.linkedin.com/jobs/view/systems-engineer-at-iai-israel-aerospace-industries-4473475131?utm_source=techmap&utm_medium=csv&utm_campaign=github&utm_term=apply","2026-10-04"
"Israel Aerospace Industries","Aerospace","l","Software Safety & Cyber Systems Engineer","Engineer","לוד","https://il.linkedin.com/jobs/view/software-safety-cyber-systems-engineer-at-iai-israel-aerospace-industries-4473487249?utm_source=techmap&utm_medium=csv&utm_campaign=github&utm_term=apply","2026-10-04"
"Palo Alto Networks","Cybersecurity","xl","Manager, SW Engineering- Authentication Team (Idira)","Manager","תל אביב-יפו","https://il.linkedin.com/jobs/view/manager-sw-engineering-authentication-team-idira-at-palo-alto-networks-4455814127?utm_source=techmap&utm_medium=csv&utm_campaign=github&utm_term=apply","2026-10-04"
"Mobileye","Automotive","l","Test Automation Technical Lead","Tech Lead","ירושלים","https://il.linkedin.com/jobs/view/test-automation-technical-lead-at-mobileye-4474204409?utm_source=techmap&utm_medium=csv&utm_campaign=github&utm_term=apply","2026-10-04"
"Mobileye","Automotive","l","Solution Architect for Cloud Communication","Architect","ירושלים","https://il.linkedin.com/jobs/view/solution-architect-for-cloud-communication-at-mobileye-4389591575?utm_source=techmap&utm_medium=csv&utm_campaign=github&utm_term=apply","2026-10-04"
"Nvidia","AI/ML","l","Senior Software Engineer, Production Automation and Tooling","Engineer","יקנעם עילית","https://il.linkedin.com/jobs/view/senior-software-engineer-production-automation-and-tooling-at-nvidia-4418535184?utm_source=techmap&utm_medium=csv&utm_campaign=github&utm_term=apply","2026-10-04"
"Israel Aerospace Industries","Aerospace","l","DBA Specialist","Engineer","אשדוד","https://il.linkedin.com/jobs/view/dba-specialist-at-iai-israel-aerospace-industries-4473464561?utm_source=techmap&utm_medium=csv&utm_campaign=github&utm_term=apply","2026-10-04"
"ImageSat International","Aerospace","m","Embedded Systems R&D Engineer","Engineer","אור יהודה","https://il.linkedin.com/jobs/view/embedded-systems-r-d-engineer-at-isi-imagesat-international-4475376841?utm_source=techmap&utm_medium=csv&utm_campaign=github&utm_term=apply","2026-10-04"
"Israel Aerospace Industries","Aerospace","l","AI Software Engineer","Engineer","לוד","https://il.linkedin.com/jobs/view/ai-software-engineer-at-iai-israel-aerospace-industries-4471388514?utm_source=techmap&utm_medium=csv&utm_campaign=github&utm_term=apply","2026-10-04"
"Israel Aerospace Industries","Aerospace","l","RT Software Engineer","Engineer","אשדוד","https://il.linkedin.com/jobs/view/rt-software-engineer-at-iai-israel-aerospace-industries-4473478032?utm_source=techmap&utm_medium=csv&utm_campaign=github&utm_term=apply","2026-10-04"
"Nvidia","AI/ML","l","Senior System Management Architect","Architect","תל אביב-יפו","https://il.linkedin.com/jobs/view/senior-system-management-architect-at-nvidia-4447197972?utm_source=techmap&utm_medium=csv&utm_campaign=github&utm_term=apply","2026-10-04"
"KLA","Robotics & Automation","l","Systems Integration Engineer","Engineer","מגדל העמק","https://il.linkedin.com/jobs/view/systems-integration-engineer-at-kla-4473475540?utm_source=techmap&utm_medium=csv&utm_campaign=github&utm_term=apply","2026-10-04"
"Israel Aerospace Industries","Aerospace","l","Software Team Lead","Manager","אשדוד","https://il.linkedin.com/jobs/view/software-team-lead-at-iai-israel-aerospace-industries-4473463616?utm_source=techmap&utm_medium=csv&utm_campaign=github&utm_term=apply","2026-10-04"
"Israel Aerospace Industries","Aerospace","l","Software Architect","Architect","אשדוד","https://il.linkedin.com/jobs/view/software-architect-at-iai-israel-aerospace-industries-4473474147?utm_source=techmap&utm_medium=csv&utm_campaign=github&utm_term=apply","2026-10-04"
"Israel Aerospace Industries","Aerospace","l","System Communication Engineer","Engineer","אשדוד","https://il.linkedin.com/jobs/view/system-communication-engineer-at-iai-israel-aerospace-industries-4473463631?utm_source=techmap&utm_medium=csv&utm_campaign=github&utm_term=apply","2026-10-04"
"Israel Aerospace Industries","Aerospace","l","Wireless Communication System Engineer","Engineer","אשדוד","https://il.linkedin.com/jobs/view/wireless-communication-system-engineer-at-iai-israel-aerospace-industries-4473467458?utm_source=techmap&utm_medium=csv&utm_campaign=github&utm_term=apply","2026-10-04"
"Qualcomm","Telecommunications","l","Image Processing Engineer, Algorithms and Architecture - Haifa","Architect","טירת כרמל","https://il.linkedin.com/jobs/view/image-processing-engineer-algorithms-and-architecture-haifa-at-qualcomm-4464538122?utm_source=techmap&utm_medium=csv&utm_campaign=github&utm_term=apply","2026-10-03"
"Wiz","Cybersecurity","l","Partner Solutions Engineer, Israel","Engineer","תל אביב-יפו","https://il.linkedin.com/jobs/view/partner-solutions-engineer-israel-at-wiz-4427364587?utm_source=techmap&utm_medium=csv&utm_campaign=github&utm_term=apply","2026-10-03"
"Weka","Productivity","l","Engineering Manager, Protocols","Manager","תל אביב","https://il.linkedin.com/jobs/view/engineering-manager-protocols-at-weka-4446751299?utm_source=techmap&utm_medium=csv&utm_campaign=github&utm_term=apply","2026-10-03"
"Cato Networks","Cybersecurity","l","Full Stack Developer","Engineer","בני ברק","https://il.linkedin.com/jobs/view/full-stack-developer-at-cato-networks-4407784808?utm_source=techmap&utm_medium=csv&utm_campaign=github&utm_term=apply","2026-10-03"
"Connecteam","Productivity","l","Senior Full Stack Engineer","Engineer","ראשון לציון","https://il.linkedin.com/jobs/view/senior-full-stack-engineer-at-connecteam-4429940437?utm_source=techmap&utm_medium=csv&utm_campaign=github&utm_term=apply","2026-10-03"
"Meta","Digital Media","xl","Solutions Architect - (12 Month Contract)","Architect","תל אביב-יפו","https://il.linkedin.com/jobs/view/solutions-architect-12-month-contract-at-meta-4454152404?utm_source=techmap&utm_medium=csv&utm_campaign=github&utm_term=apply","2026-10-03"
"Elbit Systems","Aerospace","l","Naval ESM System Engineer","Engineer","חיפה","https://il.linkedin.com/jobs/view/naval-esm-system-engineer-at-elbit-systems-israel-4377754513?utm_source=techmap&utm_medium=csv&utm_campaign=github&utm_term=apply","2026-10-03"
"Palo Alto Networks","Cybersecurity","xl","Senior/Principal Backend Engineer - Application (Cortex Platform)","Engineer","תל אביב-יפו","https://il.linkedin.com/jobs/view/senior-principal-backend-engineer-application-cortex-platform-at-palo-alto-networks-4435690210?utm_source=techmap&utm_medium=csv&utm_campaign=github&utm_term=apply","2026-10-03"
"Google","Digital Media","xl","Staff Software Engineer, Google Cloud Storage, AI/ML","Engineer","תל אביב-יפו","https://il.linkedin.com/jobs/view/staff-software-engineer-google-cloud-storage-ai-ml-at-google-4464861468?utm_source=techmap&utm_medium=csv&utm_campaign=github&utm_term=apply","2026-10-03"
"Google","Digital Media","xl","Staff Software Engineer, Filestore, Google Cloud","Engineer","תל אביב-יפו","https://il.linkedin.com/jobs/view/staff-software-engineer-filestore-google-cloud-at-google-4464863476?utm_source=techmap&utm_medium=csv&utm_campaign=github&utm_term=apply","2026-10-03"
"Nvidia","AI/ML","l","Senior Hardware Technical Lead, Interconnect Systems","Tech Lead","יקנעם עילית","https://il.linkedin.com/jobs/view/senior-hardware-technical-lead-interconnect-systems-at-nvidia-4473807573?utm_source=techmap&utm_medium=csv&utm_campaign=github&utm_term=apply","2026-10-03"
"Palo Alto Networks","Cybersecurity","xl","Principal/ Senior Principal Software Engineer | Cortex Detection team","Engineer","תל אביב-יפו","https://il.linkedin.com/jobs/view/principal-senior-principal-software-engineer-cortex-detection-team-at-palo-alto-networks-4399517364?utm_source=techmap&utm_medium=csv&utm_campaign=github&utm_term=apply","2026-10-03"
"KLA","Robotics & Automation","l","System Engineer – PhD Graduates","Engineer","מגדל העמק","https://il.linkedin.com/jobs/view/system-engineer-%E2%80%93-phd-graduates-at-kla-4434868558?utm_source=techmap&utm_medium=csv&utm_campaign=github&utm_term=apply","2026-10-03"
"Nvidia","AI/ML","l","Senior Software Test Development Engineer","Engineer","יקנעם עילית","https://il.linkedin.com/jobs/view/senior-software-test-development-engineer-at-nvidia-4401122570?utm_source=techmap&utm_medium=csv&utm_campaign=github&utm_term=apply","2026-10-03"
"Nvidia","AI/ML","l","IC Test Engineer","Engineer","יקנעם עילית","https://il.linkedin.com/jobs/view/ic-test-engineer-at-nvidia-4456067415?utm_source=techmap&utm_medium=csv&utm_campaign=github&utm_term=apply","2026-10-03"
"Nvidia","AI/ML","l","Senior Software Engineer, Networking","Engineer","רעננה","https://il.linkedin.com/jobs/view/senior-software-engineer-networking-at-nvidia-4464816368?utm_source=techmap&utm_medium=csv&utm_campaign=github&utm_term=apply","2026-10-03"
"Nvidia","AI/ML","l","Senior DSP Communication Engineer","Engineer","יקנעם עילית","https://il.linkedin.com/jobs/view/senior-dsp-communication-engineer-at-nvidia-4428412983?utm_source=techmap&utm_medium=csv&utm_campaign=github&utm_term=apply","2026-10-03"
"Retym","Productivity","s","Production Test Engineer – High-Speed Mixed-Signal ICs","Engineer","תל אביב-יפו","https://www.comeet.com/jobs/retym/C6.003/production-test-engineer--high-speed-mixed-signal-ics/94.65A?utm_source=techmap&utm_medium=csv&utm_campaign=github&utm_term=apply","2026-10-02"
"Cato Networks","Cybersecurity","l","IT System Engineer","Engineer","בני ברק","https://il.linkedin.com/jobs/view/it-system-engineer-at-cato-networks-4463471007?utm_source=techmap&utm_medium=csv&utm_campaign=github&utm_term=apply","2026-10-02"
"Viz.ai","Health","l","Senior Platform Engineer","Engineer","תל אביב-יפו","https://il.linkedin.com/jobs/view/senior-platform-engineer-at-viz-ai-4437383686?utm_source=techmap&utm_medium=csv&utm_campaign=github&utm_term=apply","2026-10-02"
"WorldQuant","Fintech","xl","Senior Python Software Engineer","Engineer","רמת גן","https://il.linkedin.com/jobs/view/senior-python-software-engineer-at-worldquant-4438259179?utm_source=techmap&utm_medium=csv&utm_campaign=github&utm_term=apply","2026-10-02"
"Infineon","Semiconductors","m","Principal Field Application Engineer (f/m/div)","Engineer","נתניה","https://il.linkedin.com/jobs/view/principal-field-application-engineer-f-m-div-at-infineon-technologies-4389733116?utm_source=techmap&utm_medium=csv&utm_campaign=github&utm_term=apply","2026-10-02"
"Via","Automotive","l","Software & Data Engineer","Engineer","רמת גן","https://il.linkedin.com/jobs/view/software-data-engineer-at-via-4416570577?utm_source=techmap&utm_medium=csv&utm_campaign=github&utm_term=apply","2026-10-02"
"Guardz","Cybersecurity","m","Engineering Manager","Manager","תל אביב-יפו","https://il.linkedin.com/jobs/view/engineering-manager-at-guardz-4465897265?utm_source=techmap&utm_medium=csv&utm_campaign=github&utm_term=apply","2026-10-02"
"AppDome","Cybersecurity","m","Software Engineer (C,C++)","Engineer","תל אביב-יפו","https://il.linkedin.com/jobs/view/software-engineer-c-c%2B%2B-at-appdome-4378001180?utm_source=techmap&utm_medium=csv&utm_campaign=github&utm_term=apply","2026-10-02"
"Intel","Semiconductors","l","Software Engineer","Engineer","חיפה","https://il.linkedin.com/jobs/view/software-engineer-at-intel-4436201521?utm_source=techmap&utm_medium=csv&utm_campaign=github&utm_term=apply","2026-10-02"
"Dream Security","Cybersecurity","m","Sensor Engineering Manager- Detection","Manager","רמת גן","https://il.linkedin.com/jobs/view/sensor-engineering-manager-detection-at-dream-4343842021?utm_source=techmap&utm_medium=csv&utm_campaign=github&utm_term=apply","2026-10-02"
"Microsoft","Productivity","l","Backend Software Engineer II and Senior Software Engineer- Microsoft Security - Multiple roles","Engineer","הרצליה","https://il.linkedin.com/jobs/view/backend-software-engineer-ii-and-senior-software-engineer-microsoft-security-multiple-roles-at-microsoft-4465686053?utm_source=techmap&utm_medium=csv&utm_campaign=github&utm_term=apply","2026-10-02"
"AppsFlyer","AdTech","l","Software Team Leader","Manager","הרצליה","https://il.linkedin.com/jobs/view/software-team-leader-at-appsflyer-4456019101?utm_source=techmap&utm_medium=csv&utm_campaign=github&utm_term=apply","2026-10-02"
"General Motors","Automotive","l","Staff/Principal Software Engineer","Engineer","הרצליה","https://il.linkedin.com/jobs/view/staff-principal-software-engineer-at-general-motors-4429541949?utm_source=techmap&utm_medium=csv&utm_campaign=github&utm_term=apply","2026-10-02"
"Vishay","Semiconductors","l","Process Engineer","Engineer","מודיעין-מכבים-רעות","https://il.linkedin.com/jobs/view/process-engineer-at-vishay-intertechnology-inc-4456711817?utm_source=techmap&utm_medium=csv&utm_campaign=github&utm_term=apply","2026-10-02"
"Elbit Systems","Aerospace","l","System Engineer for Helmet Mounted Systems - Inertial Technologies","Engineer","חיפה","https://il.linkedin.com/jobs/view/system-engineer-for-helmet-mounted-systems-inertial-technologies-at-elbit-systems-israel-4377748610?utm_source=techmap&utm_medium=csv&utm_campaign=github&utm_term=apply","2026-10-02"
"Forter","Fintech","l","Senior Full Stack Engineer II - CX Offering","Engineer","תל אביב-יפו","https://il.linkedin.com/jobs/view/senior-full-stack-engineer-ii-cx-offering-at-forter-4408860300?utm_source=techmap&utm_medium=csv&utm_campaign=github&utm_term=apply","2026-10-02"
"Qualcomm","Telecommunications","l","Engineer, Staff VLSI Architect  - Haifa","Architect","טירת כרמל","https://il.linkedin.com/jobs/view/engineer-staff-vlsi-architect-haifa-at-qualcomm-4455697828?utm_source=techmap&utm_medium=csv&utm_campaign=github&utm_term=apply","2026-10-02"
"Elbit Systems","Aerospace","l","Software Engineer on the IBIS team","Engineer","חיפה","https://il.linkedin.com/jobs/view/software-engineer-on-the-ibis-team-at-elbit-systems-israel-4377748611?utm_source=techmap&utm_medium=csv&utm_campaign=github&utm_term=apply","2026-10-02"
"Cisco Systems","Telecommunications","l","Software Engineering Technical Leader","Tech Lead","נתניה","https://il.linkedin.com/jobs/view/software-engineering-technical-leader-at-cisco-4465699507?utm_source=techmap&utm_medium=csv&utm_campaign=github&utm_term=apply","2026-10-02"
"Qualcomm","Telecommunications","l","Senior Software Engineer cloud data platforms - Ramat Gan","Engineer","טירת כרמל","https://il.linkedin.com/jobs/view/senior-software-engineer-cloud-data-platforms-ramat-gan-at-qualcomm-4455410667?utm_source=techmap&utm_medium=csv&utm_campaign=github&utm_term=apply","2026-10-02"
"Teva Pharmaceuticals","Health","l","AI Technical Lead","Tech Lead","תל אביב-יפו","https://il.linkedin.com/jobs/view/ai-technical-lead-at-teva-pharmaceuticals-4474563297?utm_source=techmap&utm_medium=csv&utm_campaign=github&utm_term=apply","2026-10-02"
"Palo Alto Networks","Cybersecurity","xl","Manager SW Engineering (Directory Services)","Manager","תל אביב-יפו","https://il.linkedin.com/jobs/view/manager-sw-engineering-directory-services-at-palo-alto-networks-4444599955?utm_source=techmap&utm_medium=csv&utm_campaign=github&utm_term=apply","2026-10-02"
"Palo Alto Networks","Cybersecurity","xl","Director Software Engineering- CWP (Cortex Cloud)","Executive","תל אביב-יפו","https://il.linkedin.com/jobs/view/director-software-engineering-cwp-cortex-cloud-at-palo-alto-networks-4463490342?utm_source=techmap&utm_medium=csv&utm_campaign=github&utm_term=apply","2026-10-02"
"Palo Alto Networks","Cybersecurity","xl","Principal Software Engineer (ITDR)","Engineer","תל אביב-יפו","https://il.linkedin.com/jobs/view/principal-software-engineer-itdr-at-palo-alto-networks-4463909932?utm_source=techmap&utm_medium=csv&utm_campaign=github&utm_term=apply","2026-10-02"
"Palo Alto Networks","Cybersecurity","xl","Senior / Principal Backend Engineer – AppSec Platform (Cortex Cloud)","Engineer","תל אביב-יפו","https://il.linkedin.com/jobs/view/senior-principal-backend-engineer-%E2%80%93-appsec-platform-cortex-cloud-at-palo-alto-networks-4454145375?utm_source=techmap&utm_medium=csv&utm_campaign=github&utm_term=apply","2026-10-02"
"Mobileye","Automotive","l","Radar System Integration Engineer – Functional & System Flows","Engineer","ירושלים","https://il.linkedin.com/jobs/view/radar-system-integration-engineer-%E2%80%93-functional-system-flows-at-mobileye-4454999654?utm_source=techmap&utm_medium=csv&utm_campaign=github&utm_term=apply","2026-10-02"
"Elbit Systems","Aerospace","l","Integration Engineer","Engineer","חיפה","https://il.linkedin.com/jobs/view/integration-engineer-at-elbit-systems-israel-4399369968?utm_source=techmap&utm_medium=csv&utm_campaign=github&utm_term=apply","2026-10-02"
"Nvidia","AI/ML","l","Senior Software Developer","Engineer","רעננה","https://il.linkedin.com/jobs/view/senior-software-developer-at-nvidia-4464194034?utm_source=techmap&utm_medium=csv&utm_campaign=github&utm_term=apply","2026-10-02"
"Plus500","Fintech","l","Backend Software Engineer","Engineer","חיפה","https://www.comeet.com/jobs/plus500/A1.00F/backend-software-engineer/34.D6B?utm_source=techmap&utm_medium=csv&utm_campaign=github&utm_term=apply","2026-10-01"
"Coralogix","Cloud Computing","l","Software Engineer - Data Ingestion","Engineer","רמת גן","https://www.comeet.com/jobs/coralogix/06.004/software-engineer---data-ingestion/C2.66C?utm_source=techmap&utm_medium=csv&utm_campaign=github&utm_term=apply","2026-10-01"
"XTEND","Aerospace","m","Senior System Engineer","Engineer","תל אביב-יפו","https://www.comeet.com/jobs/xtend/85.00A/senior-system-engineer/F2.B6D?utm_source=techmap&utm_medium=csv&utm_campaign=github&utm_term=apply","2026-10-01"
"Fetcherr","AI/ML","m","System Architect","Architect","נתניה","https://www.comeet.com/jobs/fetcherr/68.006/system-architect/73.276?utm_source=techmap&utm_medium=csv&utm_campaign=github&utm_term=apply","2026-10-01"
"Placer.ai","AI/ML","l","Big Data Developer","Engineer","רמת גן","https://il.linkedin.com/jobs/view/big-data-developer-at-placer-ai-4458166206?utm_source=techmap&utm_medium=csv&utm_campaign=github&utm_term=apply","2026-10-01"
"Edwards Lifesciences","Health","xl","Senior Full stack Developer","Engineer","קיסריה","https://il.linkedin.com/jobs/view/senior-full-stack-developer-at-edwards-lifesciences-4444147286?utm_source=techmap&utm_medium=csv&utm_campaign=github&utm_term=apply","2026-10-01"
"Viz.ai","Health","l","Senior Software Engineer- Edge Services","Engineer","תל אביב-יפו","https://il.linkedin.com/jobs/view/senior-software-engineer-edge-services-at-viz-ai-4463889539?utm_source=techmap&utm_medium=csv&utm_campaign=github&utm_term=apply","2026-10-01"
"DOT Compliance","Health","m","Software Engineer","Engineer","תל אביב-יפו","https://il.linkedin.com/jobs/view/software-engineer-at-dot-compliance-4472350221?utm_source=techmap&utm_medium=csv&utm_campaign=github&utm_term=apply","2026-10-01"
"HP","Productivity","xl","Senior SW Engineer","Engineer","נתניה","https://il.linkedin.com/jobs/view/senior-sw-engineer-at-hp-4474343348?utm_source=techmap&utm_medium=csv&utm_campaign=github&utm_term=apply","2026-10-01"
"AutoFleet","Automotive","m","Senior Full Stack Developer","Engineer","תל אביב-יפו","https://il.linkedin.com/jobs/view/senior-full-stack-developer-at-autofleet-4440651880?utm_source=techmap&utm_medium=csv&utm_campaign=github&utm_term=apply","2026-10-01"
"Amazon","E-commerce & Retail","l","Software Development Engineer - Shopping Personalization AI, Amazon Stores","Engineer","תל אביב-יפו","https://il.linkedin.com/jobs/view/software-development-engineer-shopping-personalization-ai-amazon-stores-at-amazon-4455920703?utm_source=techmap&utm_medium=csv&utm_campaign=github&utm_term=apply","2026-10-01"
"ForSight Robotics","Robotics & Automation","m","R&D Mechanical Engineer","Engineer","יוקנעם עילית","https://il.linkedin.com/jobs/view/r-d-mechanical-engineer-at-forsight-robotics-4472683916?utm_source=techmap&utm_medium=csv&utm_campaign=github&utm_term=apply","2026-10-01"
"Sentra","Cybersecurity","m","Senior Software Engineer","Engineer","תל אביב-יפו","https://il.linkedin.com/jobs/view/senior-software-engineer-at-sentra-4472920569?utm_source=techmap&utm_medium=csv&utm_campaign=github&utm_term=apply","2026-10-01"
"Twine","Cybersecurity","s","Software Engineer","Engineer","תל אביב-יפו","https://il.linkedin.com/jobs/view/software-engineer-at-twine-security-4472512310?utm_source=techmap&utm_medium=csv&utm_campaign=github&utm_term=apply","2026-10-01"
"Magos","Cybersecurity","s","Full Stack Developer","Engineer","גבעת ברנר","https://il.linkedin.com/jobs/view/full-stack-developer-at-magos-systems-4472922380?utm_source=techmap&utm_medium=csv&utm_campaign=github&utm_term=apply","2026-10-01"
"Abbott","Health","m","Staff Software Systems Engineer","Engineer","תל אביב-יפו","https://il.linkedin.com/jobs/view/staff-software-systems-engineer-at-abbott-4471129783?utm_source=techmap&utm_medium=csv&utm_campaign=github&utm_term=apply","2026-10-01"
"Abbott","Health","m","Staff Systems Engineer","Engineer","תל אביב-יפו","https://il.linkedin.com/jobs/view/staff-systems-engineer-at-abbott-4471136373?utm_source=techmap&utm_medium=csv&utm_campaign=github&utm_term=apply","2026-10-01"
"Lemonade","Fintech","l","Senior Backend Engineer - Python","Engineer","תל אביב-יפו","https://il.linkedin.com/jobs/view/senior-backend-engineer-python-at-lemonade-4440845950?utm_source=techmap&utm_medium=csv&utm_campaign=github&utm_term=apply","2026-10-01"
"Lemonade","Fintech","l","Data Warehouse Tech Lead","Tech Lead","תל אביב-יפו","https://il.linkedin.com/jobs/view/data-warehouse-tech-lead-at-lemonade-4406190097?utm_source=techmap&utm_medium=csv&utm_campaign=github&utm_term=apply","2026-10-01"
"Maytronics","Productivity","l","Embedded Software Engineer","Engineer","יזרעאל","https://il.linkedin.com/jobs/view/embedded-software-engineer-at-maytronics-4472547501?utm_source=techmap&utm_medium=csv&utm_campaign=github&utm_term=apply","2026-10-01"
"Mobileye","Automotive","l","Senior Python Developer for Map Management","Engineer","ירושלים","https://il.linkedin.com/jobs/view/senior-python-developer-for-map-management-at-mobileye-4445742111?utm_source=techmap&utm_medium=csv&utm_campaign=github&utm_term=apply","2026-10-01"
"Medtronic","Health","l","Senior Software Automation Engineer","Engineer","הרצליה","https://il.linkedin.com/jobs/view/senior-software-automation-engineer-at-medtronic-4474317313?utm_source=techmap&utm_medium=csv&utm_campaign=github&utm_term=apply","2026-10-01"
"Bluebird Aero Systems","Aerospace","m","Software Engineer","Engineer","קדימה צורן","https://il.linkedin.com/jobs/view/software-engineer-at-bluebird-aero-systems-ltd-4472686753?utm_source=techmap&utm_medium=csv&utm_campaign=github&utm_term=apply","2026-10-01"
"Cato Networks","Cybersecurity","l","Software Engineer (Endpoint DLP)","Engineer","בני ברק","https://il.linkedin.com/jobs/view/software-engineer-endpoint-dlp-at-cato-networks-4414857362?utm_source=techmap&utm_medium=csv&utm_campaign=github&utm_term=apply","2026-10-01"
"Lemonade","Fintech","l","Senior Director of Engineering","Executive","תל אביב-יפו","https://il.linkedin.com/jobs/view/senior-director-of-engineering-at-lemonade-4440867000?utm_source=techmap&utm_medium=csv&utm_campaign=github&utm_term=apply","2026-10-01"
"Lemonade","Fintech","l","Senior Backend Engineer","Engineer","תל אביב-יפו","https://il.linkedin.com/jobs/view/senior-backend-engineer-at-lemonade-4440861458?utm_source=techmap&utm_medium=csv&utm_campaign=github&utm_term=apply","2026-10-01"
"Dream Security","Cybersecurity","m","Senior Software Engineer - Posture","Engineer","רמת גן","https://il.linkedin.com/jobs/view/senior-software-engineer-posture-at-dream-4340340593?utm_source=techmap&utm_medium=csv&utm_campaign=github&utm_term=apply","2026-10-01"
"Navan","E-commerce & Retail","l","Senior Software Engineer","Engineer","תל אביב-יפו","https://il.linkedin.com/jobs/view/senior-software-engineer-at-navan-4418659984?utm_source=techmap&utm_medium=csv&utm_campaign=github&utm_term=apply","2026-10-01"
"JFrog","Cloud Computing","l","R&D Team Lead","Manager","נתניה","https://il.linkedin.com/jobs/view/r-d-team-lead-at-jfrog-4463853801?utm_source=techmap&utm_medium=csv&utm_campaign=github&utm_term=apply","2026-10-01"
"Renesas","Semiconductors","","Principal Camera & Vision System Architect","Architect","בית שמש","https://il.linkedin.com/jobs/view/principal-camera-vision-system-architect-at-renesas-electronics-4474147844?utm_source=techmap&utm_medium=csv&utm_campaign=github&utm_term=apply","2026-10-01"
"Oracle","Cloud Computing","l","Production Service Developer 2","Engineer","פתח תקווה","https://il.linkedin.com/jobs/view/production-service-developer-2-at-oracle-4443261806?utm_source=techmap&utm_medium=csv&utm_campaign=github&utm_term=apply","2026-10-01"
"Rafael Advanced Defense Systems","Aerospace","l","Senior C++ Simulation Developer","Engineer","חיפה","https://il.linkedin.com/jobs/view/senior-c%2B%2B-simulation-developer-at-rafael-advanced-defense-systems-4474143073?utm_source=techmap&utm_medium=csv&utm_campaign=github&utm_term=apply","2026-10-01"
"Qualcomm","Telecommunications","l","Engineer, Senior Staff ASIC Chief Architect - Hod Hasharon","Architect","טירת כרמל","https://il.linkedin.com/jobs/view/engineer-senior-staff-asic-chief-architect-hod-hasharon-at-qualcomm-4445764758?utm_source=techmap&utm_medium=csv&utm_campaign=github&utm_term=apply","2026-10-01"
"Google","Digital Media","xl","Power and Signal Integrity Engineer","Engineer","תל אביב-יפו","https://il.linkedin.com/jobs/view/power-and-signal-integrity-engineer-at-google-4472815308?utm_source=techmap&utm_medium=csv&utm_campaign=github&utm_term=apply","2026-10-01"
"Israel Aerospace Industries","Aerospace","l","מהנדס/ת ומפתח/ת בסביבת כלי תיב""מ מכני","Engineer","אשדוד","https://il.linkedin.com/jobs/view/%D7%9E%D7%94%D7%A0%D7%93%D7%A1-%D7%AA-%D7%95%D7%9E%D7%A4%D7%AA%D7%97-%D7%AA-%D7%91%D7%A1%D7%91%D7%99%D7%91%D7%AA-%D7%9B%D7%9C%D7%99-%D7%AA%D7%99%D7%91-%D7%9E-%D7%9E%D7%9B%D7%A0%D7%99-at-iai-israel-aerospace-industries-4408667894?utm_source=techmap&utm_medium=csv&utm_campaign=github&utm_term=apply","2026-10-01"
"Google","Digital Media","xl","Software Engineer III, Database Migration, Cloud","Engineer","תל אביב-יפו","https://il.linkedin.com/jobs/view/software-engineer-iii-database-migration-cloud-at-google-4472546169?utm_source=techmap&utm_medium=csv&utm_campaign=github&utm_term=apply","2026-10-01"
"Elbit Systems","Aerospace","l","Flight Control Engineer","Engineer","חיפה","https://il.linkedin.com/jobs/view/flight-control-engineer-at-elbit-systems-israel-4399517514?utm_source=techmap&utm_medium=csv&utm_campaign=github&utm_term=apply","2026-10-01"
"Israel Aerospace Industries","Aerospace","l","איש/ת DBA","Engineer","אשדוד","https://il.linkedin.com/jobs/view/%D7%90%D7%99%D7%A9-%D7%AA-dba-at-iai-israel-aerospace-industries-4329336907?utm_source=techmap&utm_medium=csv&utm_campaign=github&utm_term=apply","2026-10-01"
"Nvidia","AI/ML","l","Senior Software Engineer, Chip Design","Engineer","תל אביב-יפו","https://il.linkedin.com/jobs/view/senior-software-engineer-chip-design-at-nvidia-4464154309?utm_source=techmap&utm_medium=csv&utm_campaign=github&utm_term=apply","2026-10-01"
"Israel Aerospace Industries","Aerospace","l","Senior C++ SW Engineer","Engineer","לוד","https://il.linkedin.com/jobs/view/senior-c%2B%2B-sw-engineer-at-iai-israel-aerospace-industries-4447999437?utm_source=techmap&utm_medium=csv&utm_campaign=github&utm_term=apply","2026-10-01"
"KLA","Robotics & Automation","l","Motion Control Engineer","Engineer","מגדל העמק","https://il.linkedin.com/jobs/view/motion-control-engineer-at-kla-4411535311?utm_source=techmap&utm_medium=csv&utm_campaign=github&utm_term=apply","2026-10-01"
"Israel Aerospace Industries","Aerospace","l","מפתח/ת Full Stack למערכות הנדסיות ו- AI","Engineer","אשדוד","https://il.linkedin.com/jobs/view/%D7%9E%D7%A4%D7%AA%D7%97-%D7%AA-full-stack-%D7%9C%D7%9E%D7%A2%D7%A8%D7%9B%D7%95%D7%AA-%D7%94%D7%A0%D7%93%D7%A1%D7%99%D7%95%D7%AA-%D7%95-ai-at-iai-israel-aerospace-industries-4456817138?utm_source=techmap&utm_medium=csv&utm_campaign=github&utm_term=apply","2026-10-01"
"Israel Aerospace Industries","Aerospace","l","מפתח/ת קוד CFD","Engineer","לוד","https://il.linkedin.com/jobs/view/%D7%9E%D7%A4%D7%AA%D7%97-%D7%AA-%D7%A7%D7%95%D7%93-cfd-at-iai-israel-aerospace-industries-4351839543?utm_source=techmap&utm_medium=csv&utm_campaign=github&utm_term=apply","2026-10-01"
"Israel Aerospace Industries","Aerospace","l","מפתח/ת מערכות אופטיות","Engineer","אשדוד","https://il.linkedin.com/jobs/view/%D7%9E%D7%A4%D7%AA%D7%97-%D7%AA-%D7%9E%D7%A2%D7%A8%D7%9B%D7%95%D7%AA-%D7%90%D7%95%D7%A4%D7%98%D7%99%D7%95%D7%AA-at-iai-israel-aerospace-industries-4414467351?utm_source=techmap&utm_medium=csv&utm_campaign=github&utm_term=apply","2026-10-01"
"Nvidia","AI/ML","l","Senior System Software Engineer - Signing Platform","Engineer","תל אביב-יפו","https://il.linkedin.com/jobs/view/senior-system-software-engineer-signing-platform-at-nvidia-4464153369?utm_source=techmap&utm_medium=csv&utm_campaign=github&utm_term=apply","2026-10-01"
"Israel Aerospace Industries","Aerospace","l","Real Time Software Engineer","Engineer","לוד","https://il.linkedin.com/jobs/view/real-time-software-engineer-at-iai-israel-aerospace-industries-4469017428?utm_source=techmap&utm_medium=csv&utm_campaign=github&utm_term=apply","2026-10-01"
"Nvidia","AI/ML","l","Software Manager, DOCA Services","Manager","יקנעם עילית","https://il.linkedin.com/jobs/view/software-manager-doca-services-at-nvidia-4472376297?utm_source=techmap&utm_medium=csv&utm_campaign=github&utm_term=apply","2026-10-01"
"Israel Aerospace Industries","Aerospace","l","מפתח/ת C++ למערכת EMBEDDED","Engineer","לוד","https://il.linkedin.com/jobs/view/%D7%9E%D7%A4%D7%AA%D7%97-%D7%AA-c%2B%2B-%D7%9C%D7%9E%D7%A2%D7%A8%D7%9B%D7%AA-embedded-at-iai-israel-aerospace-industries-4449397181?utm_source=techmap&utm_medium=csv&utm_campaign=github&utm_term=apply","2026-10-01"
"Nvidia","AI/ML","l","Senior Networking Architect, Space Systems","Architect","תל אביב-יפו","https://il.linkedin.com/jobs/view/senior-networking-architect-space-systems-at-nvidia-4455478213?utm_source=techmap&utm_medium=csv&utm_campaign=github&utm_term=apply","2026-10-01"
"Israel Aerospace Industries","Aerospace","l","מהנדס/ת תוכנה C++ Windows","Engineer","לוד","https://il.linkedin.com/jobs/view/%D7%9E%D7%94%D7%A0%D7%93%D7%A1-%D7%AA-%D7%AA%D7%95%D7%9B%D7%A0%D7%94-c%2B%2B-windows-at-iai-israel-aerospace-industries-4449351870?utm_source=techmap&utm_medium=csv&utm_campaign=github&utm_term=apply","2026-10-01"
"Israel Aerospace Industries","Aerospace","l","מפתח/ת תוכנה C++ למערכות RT","Engineer","אשדוד","https://il.linkedin.com/jobs/view/%D7%9E%D7%A4%D7%AA%D7%97-%D7%AA-%D7%AA%D7%95%D7%9B%D7%A0%D7%94-c%2B%2B-%D7%9C%D7%9E%D7%A2%D7%A8%D7%9B%D7%95%D7%AA-rt-at-iai-israel-aerospace-industries-4415449435?utm_source=techmap&utm_medium=csv&utm_campaign=github&utm_term=apply","2026-10-01"
"Nvidia","AI/ML","l","Senior Architect, IC-System","Architect","תל אביב-יפו","https://il.linkedin.com/jobs/view/senior-architect-ic-system-at-nvidia-4455480177?utm_source=techmap&utm_medium=csv&utm_campaign=github&utm_term=apply","2026-10-01"
"Nvidia","AI/ML","l","Senior Software E2E Architect","Architect","תל אביב-יפו","https://il.linkedin.com/jobs/view/senior-software-e2e-architect-at-nvidia-4464153365?utm_source=techmap&utm_medium=csv&utm_campaign=github&utm_term=apply","2026-10-01"
"Israel Aerospace Industries","Aerospace","l","מפתח/ת תוכנה RT\EMB","Engineer","לוד","https://il.linkedin.com/jobs/view/%D7%9E%D7%A4%D7%AA%D7%97-%D7%AA-%D7%AA%D7%95%D7%9B%D7%A0%D7%94-rt-emb-at-iai-israel-aerospace-industries-4427495046?utm_source=techmap&utm_medium=csv&utm_campaign=github&utm_term=apply","2026-10-01"
"Israel Aerospace Industries","Aerospace","l","מפתח/ת אלגוריתמים לעיבוד תמונה וראיה ממוחשבת","Engineer","לוד","https://il.linkedin.com/jobs/view/%D7%9E%D7%A4%D7%AA%D7%97-%D7%AA-%D7%90%D7%9C%D7%92%D7%95%D7%A8%D7%99%D7%AA%D7%9E%D7%99%D7%9D-%D7%9C%D7%A2%D7%99%D7%91%D7%95%D7%93-%D7%AA%D7%9E%D7%95%D7%A0%D7%94-%D7%95%D7%A8%D7%90%D7%99%D7%94-%D7%9E%D7%9E%D7%95%D7%97%D7%A9%D7%91%D7%AA-at-iai-israel-aerospace-industries-4367721588?utm_source=techmap&utm_medium=csv&utm_campaign=github&utm_term=apply","2026-10-01"
"Israel Aerospace Industries","Aerospace","l","מפתח/ת אלגוריתמי עיבוד אות ועקיבה","Engineer","אשדוד","https://il.linkedin.com/jobs/view/%D7%9E%D7%A4%D7%AA%D7%97-%D7%AA-%D7%90%D7%9C%D7%92%D7%95%D7%A8%D7%99%D7%AA%D7%9E%D7%99-%D7%A2%D7%99%D7%91%D7%95%D7%93-%D7%90%D7%95%D7%AA-%D7%95%D7%A2%D7%A7%D7%99%D7%91%D7%94-at-iai-israel-aerospace-industries-4361928389?utm_source=techmap&utm_medium=csv&utm_campaign=github&utm_term=apply","2026-10-01"
"CEVA","Productivity","l","AI SW Engineer (C++)","Engineer","הרצליה","https://www.comeet.com/jobs/ceva/76.005/ai-sw-engineer-c/70.377?utm_source=techmap&utm_medium=csv&utm_campaign=github&utm_term=apply","2026-09-30"
"CEVA","Productivity","l","VLSI Backend Team Leader","Manager","הרצליה","https://www.comeet.com/jobs/ceva/76.005/vlsi-backend-team-leader/E2.376?utm_source=techmap&utm_medium=csv&utm_campaign=github&utm_term=apply","2026-09-30"
"SolarEdge Technologies","Sustainable Technology","l","Senior Software Embedded Engineer","Engineer","הרצליה","https://www.comeet.com/jobs/SolarEdge/71.00A/senior-software-embedded-engineer/75.764?utm_source=techmap&utm_medium=csv&utm_campaign=github&utm_term=apply","2026-09-30"
"Kaltura","Digital Media","l","Forward Deployed Engineer","Engineer","בני ברק","https://il.linkedin.com/jobs/view/forward-deployed-engineer-at-kaltura-4473968974?utm_source=techmap&utm_medium=csv&utm_campaign=github&utm_term=apply","2026-09-30"
"Nvidia","AI/ML","l","Thermal Engineer","Engineer","יקנעם עילית","https://il.linkedin.com/jobs/view/thermal-engineer-at-nvidia-4423275999?utm_source=techmap&utm_medium=csv&utm_campaign=github&utm_term=apply","2026-09-30"
"Akamai Technologies","Cloud Computing","l","Senior Cloud Applications Engineer -Hybrid","Engineer","תל אביב-יפו","https://il.linkedin.com/jobs/view/senior-cloud-applications-engineer-hybrid-at-akamai-technologies-4462892716?utm_source=techmap&utm_medium=csv&utm_campaign=github&utm_term=apply","2026-09-30"
"Alma Lasers","Health","l","System Engineer","Engineer","קיסריה","https://il.linkedin.com/jobs/view/system-engineer-at-alma-lasers-4472179065?utm_source=techmap&utm_medium=csv&utm_campaign=github&utm_term=apply","2026-09-30"
"Semperis","Cybersecurity","l","Director of Platform Engineering","Executive","רמת גן","https://il.linkedin.com/jobs/view/director-of-platform-engineering-at-semperis-4462552652?utm_source=techmap&utm_medium=csv&utm_campaign=github&utm_term=apply","2026-09-30"
"Maytronics","Productivity","l","Junior Embedded Software Engineer robotics platforms- Temporary","Engineer","יזרעאל","https://il.linkedin.com/jobs/view/junior-embedded-software-engineer-robotics-platforms-temporary-at-maytronics-4448510157?utm_source=techmap&utm_medium=csv&utm_campaign=github&utm_term=apply","2026-09-30"
"Faye","Fintech","m","Senior Backend Engineer","Engineer","תל אביב-יפו","https://il.linkedin.com/jobs/view/senior-backend-engineer-at-faye-4288912418?utm_source=techmap&utm_medium=csv&utm_campaign=github&utm_term=apply","2026-09-30"
"UNIPaaS Payments Technologies","Fintech","s","Senior Software Engineer","Engineer","תל אביב-יפו","https://il.linkedin.com/jobs/view/senior-software-engineer-at-unipaas-4473772795?utm_source=techmap&utm_medium=csv&utm_campaign=github&utm_term=apply","2026-09-30"
"Microsoft","Productivity","l","Full Stack Software Engineer II and Senior Software Engineer- Microsoft Security - Multiple roles","Engineer","הרצליה","https://il.linkedin.com/jobs/view/full-stack-software-engineer-ii-and-senior-software-engineer-microsoft-security-multiple-roles-at-microsoft-4465048365?utm_source=techmap&utm_medium=csv&utm_campaign=github&utm_term=apply","2026-09-30"
"Thales","Cybersecurity","m","Senior Java Backend Developer - CWAF","Engineer","פתח תקווה","https://il.linkedin.com/jobs/view/senior-java-backend-developer-cwaf-at-thales-4455771383?utm_source=techmap&utm_medium=csv&utm_campaign=github&utm_term=apply","2026-09-30"
"Qlik","Productivity","m","Principal Software Engineer","Engineer","כפר סבא","https://il.linkedin.com/jobs/view/principal-software-engineer-at-qlik-4462531148?utm_source=techmap&utm_medium=csv&utm_campaign=github&utm_term=apply","2026-09-30"
"Google","Digital Media","xl","Software Engineer III, Technical Infrastructure","Engineer","תל אביב-יפו","https://il.linkedin.com/jobs/view/software-engineer-iii-technical-infrastructure-at-google-4463523658?utm_source=techmap&utm_medium=csv&utm_campaign=github&utm_term=apply","2026-09-30"
"JFrog","Cloud Computing","l","R&D Team Lead, Data Engineering- JFrog Security","Manager","נתניה","https://il.linkedin.com/jobs/view/r-d-team-lead-data-engineering-jfrog-security-at-jfrog-4463292919?utm_source=techmap&utm_medium=csv&utm_campaign=github&utm_term=apply","2026-09-30"
"Flare","Productivity","l","Engineering Team lead","Manager","רמת גן","https://il.linkedin.com/jobs/view/engineering-team-lead-at-flare-4470885291?utm_source=techmap&utm_medium=csv&utm_campaign=github&utm_term=apply","2026-09-30"
"Flare","Productivity","l","Senior Backend Engineer","Engineer","רמת גן","https://il.linkedin.com/jobs/view/senior-backend-engineer-at-flare-4375226299?utm_source=techmap&utm_medium=csv&utm_campaign=github&utm_term=apply","2026-09-30"
"Renesas","Semiconductors","","Senior RF/Analog Analysis and Characterization Engineer","Engineer","בית שמש","https://il.linkedin.com/jobs/view/senior-rf-analog-analysis-and-characterization-engineer-at-renesas-electronics-4456170394?utm_source=techmap&utm_medium=csv&utm_campaign=github&utm_term=apply","2026-09-30"
"Mastercard","E-commerce & Retail","s","Senior Software Engineer","Engineer","רמת גן","https://il.linkedin.com/jobs/view/senior-software-engineer-at-mastercard-4462530205?utm_source=techmap&utm_medium=csv&utm_campaign=github&utm_term=apply","2026-09-30"
"Taboola","AdTech","l","Software Development Team Leader – Production Engineering","Manager","רמת גן","https://il.linkedin.com/jobs/view/software-development-team-leader-%E2%80%93-production-engineering-at-taboola-4437120394?utm_source=techmap&utm_medium=csv&utm_campaign=github&utm_term=apply","2026-09-30"
"SimilarWeb","Productivity","l","Senior Software Engineer - B2C","Engineer","גבעתיים","https://il.linkedin.com/jobs/view/senior-software-engineer-b2c-at-similarweb-4444104668?utm_source=techmap&utm_medium=csv&utm_campaign=github&utm_term=apply","2026-09-30"
"SimilarWeb","Productivity","l","Senior Full Stack Developer (Backend Oriented)","Engineer","גבעתיים","https://il.linkedin.com/jobs/view/senior-full-stack-developer-backend-oriented-at-similarweb-4465021901?utm_source=techmap&utm_medium=csv&utm_campaign=github&utm_term=apply","2026-09-30"
"F5 Networks","Cybersecurity","l","Software Development Intern - WAF & WAAP","Student","רמת גן","https://il.linkedin.com/jobs/view/software-development-intern-waf-waap-at-f5-4465030839?utm_source=techmap&utm_medium=csv&utm_campaign=github&utm_term=apply","2026-09-30"
"Nvidia","AI/ML","l","HPC Operations Engineer","Engineer","תל אביב-יפו","https://il.linkedin.com/jobs/view/hpc-operations-engineer-at-nvidia-4471963869?utm_source=techmap&utm_medium=csv&utm_campaign=github&utm_term=apply","2026-09-30"
"Google","Digital Media","xl","Software Engineer III, Infrastructure, Filestore","Engineer","תל אביב-יפו","https://il.linkedin.com/jobs/view/software-engineer-iii-infrastructure-filestore-at-google-4463525087?utm_source=techmap&utm_medium=csv&utm_campaign=github&utm_term=apply","2026-09-30"
"ACS Motion Control","Robotics & Automation","m","Automatic Test Equipment Engineer","Engineer","יקנעם עילית","https://il.linkedin.com/jobs/view/automatic-test-equipment-engineer-at-acs-motion-control-4473754030?utm_source=techmap&utm_medium=csv&utm_campaign=github&utm_term=apply","2026-09-30"
"Palo Alto Networks","Cybersecurity","xl","Senior Principal Backend Engineer (CORTEX - Autonomous SOC)","Engineer","תל אביב-יפו","https://il.linkedin.com/jobs/view/senior-principal-backend-engineer-cortex-autonomous-soc-at-palo-alto-networks-4463030874?utm_source=techmap&utm_medium=csv&utm_campaign=github&utm_term=apply","2026-09-30"
"Palo Alto Networks","Cybersecurity","xl","Principal Software Engineer Data Platform ( Cortex)","Engineer","תל אביב-יפו","https://il.linkedin.com/jobs/view/principal-software-engineer-data-platform-cortex-at-palo-alto-networks-4453422464?utm_source=techmap&utm_medium=csv&utm_campaign=github&utm_term=apply","2026-09-30"
"Nvidia","AI/ML","l","Senior Software Engineer, BlueField platform","Engineer","תל אביב-יפו","https://il.linkedin.com/jobs/view/senior-software-engineer-bluefield-platform-at-nvidia-4463565849?utm_source=techmap&utm_medium=csv&utm_campaign=github&utm_term=apply","2026-09-30"
"Nvidia","AI/ML","l","Senior Modeling Architect","Architect","תל אביב-יפו","https://il.linkedin.com/jobs/view/senior-modeling-architect-at-nvidia-4436268487?utm_source=techmap&utm_medium=csv&utm_campaign=github&utm_term=apply","2026-09-30"
"Nvidia","AI/ML","l","Senior Software Engineer, DOCA Verification","Engineer","תל אביב-יפו","https://il.linkedin.com/jobs/view/senior-software-engineer-doca-verification-at-nvidia-4471983108?utm_source=techmap&utm_medium=csv&utm_campaign=github&utm_term=apply","2026-09-30"
"Nvidia","AI/ML","l","Senior Software Engineer – Networking Platforms, Diagnostics Tools and Performance","Engineer","תל אביב-יפו","https://il.linkedin.com/jobs/view/senior-software-engineer-%E2%80%93-networking-platforms-diagnostics-tools-and-performance-at-nvidia-4471986020?utm_source=techmap&utm_medium=csv&utm_campaign=github&utm_term=apply","2026-09-30"
"Cellebrite","Cybersecurity","l","Exploit Engineer","Engineer","פתח תקווה","https://www.comeet.com/jobs/Cellebrite/C3.00F/exploit-engineer/E0.F50?utm_source=techmap&utm_medium=csv&utm_campaign=github&utm_term=apply","2026-09-29"
"Rise","Productivity","m","Backend Engineer","Engineer","רמת השרון","https://www.comeet.com/jobs/risecodes/A9.000/backend-engineer/70.370?utm_source=techmap&utm_medium=csv&utm_campaign=github&utm_term=apply","2026-09-29"
"Coralogix","Cloud Computing","l","Solutions Engineer","Engineer","רמת גן","https://il.linkedin.com/jobs/view/solutions-engineer-at-coralogix-4473299167?utm_source=techmap&utm_medium=csv&utm_campaign=github&utm_term=apply","2026-09-29"
"HiBob","Productivity","l","Senior Field Deployment Engineer (FDE)","Engineer","תל אביב-יפו","https://il.linkedin.com/jobs/view/senior-field-deployment-engineer-fde-at-hibob-4473234289?utm_source=techmap&utm_medium=csv&utm_campaign=github&utm_term=apply","2026-09-29"
"Motorola Solutions","Telecommunications","xl","Pre-Sale Engineer","Engineer","תל אביב-יפו","https://il.linkedin.com/jobs/view/pre-sale-engineer-at-motorola-solutions-4464608791?utm_source=techmap&utm_medium=csv&utm_campaign=github&utm_term=apply","2026-09-29"
"proteanTecs","AI/ML","l","Senior Software Engineer","Engineer","חיפה","https://il.linkedin.com/jobs/view/senior-software-engineer-at-proteantecs-4465643544?utm_source=techmap&utm_medium=csv&utm_campaign=github&utm_term=apply","2026-09-29"
"NICE","Cybersecurity","l","Director of Engineering","Executive","רעננה","https://il.linkedin.com/jobs/view/director-of-engineering-at-nice-4471202793?utm_source=techmap&utm_medium=csv&utm_campaign=github&utm_term=apply","2026-09-29"
"Bluevine","Fintech","l","Lead Software Engineer (Potential to Grow into Team Leadership)","Manager","תל אביב-יפו","https://il.linkedin.com/jobs/view/lead-software-engineer-potential-to-grow-into-team-leadership-at-bluevine-4421398551?utm_source=techmap&utm_medium=csv&utm_campaign=github&utm_term=apply","2026-09-29"
"Nuvoton","Semiconductors","l","IC Test Engineer","Engineer","הרצליה","https://il.linkedin.com/jobs/view/ic-test-engineer-at-nuvoton-technology-israel-ltd-4453101966?utm_source=techmap&utm_medium=csv&utm_campaign=github&utm_term=apply","2026-09-29"
"Cato Networks","Cybersecurity","l","Software Engineer – Networking Group","Engineer","בני ברק","https://il.linkedin.com/jobs/view/software-engineer-%E2%80%93-networking-group-at-cato-networks-4425729579?utm_source=techmap&utm_medium=csv&utm_campaign=github&utm_term=apply","2026-09-29"
"Google","Digital Media","xl","Senior Software Engineer, Infrastructure, Google Cloud","Engineer","תל אביב-יפו","https://il.linkedin.com/jobs/view/senior-software-engineer-infrastructure-google-cloud-at-google-4462962161?utm_source=techmap&utm_medium=csv&utm_campaign=github&utm_term=apply","2026-09-29"
"Sunbit","Fintech","l","Software Java  Team Lead","Manager","בנימינה","https://il.linkedin.com/jobs/view/software-java-team-lead-at-sunbit-4473234363?utm_source=techmap&utm_medium=csv&utm_campaign=github&utm_term=apply","2026-09-29"
"F5 Networks","Cybersecurity","l","Solutions Engineer - F5 Distributed Cloud","Engineer","רמת גן","https://il.linkedin.com/jobs/view/solutions-engineer-f5-distributed-cloud-at-f5-4437423507?utm_source=techmap&utm_medium=csv&utm_campaign=github&utm_term=apply","2026-09-29"
"Wiz","Cybersecurity","l","Product Technical Architect, CTO Office","Architect","תל אביב-יפו","https://il.linkedin.com/jobs/view/product-technical-architect-cto-office-at-wiz-4471730700?utm_source=techmap&utm_medium=csv&utm_campaign=github&utm_term=apply","2026-09-29"
"monday.com","Productivity","l","Senior Software Engineer, Funnel Fighters","Engineer","תל אביב-יפו","https://il.linkedin.com/jobs/view/senior-software-engineer-funnel-fighters-at-monday-com-4464602105?utm_source=techmap&utm_medium=csv&utm_campaign=github&utm_term=apply","2026-09-29"
"DoubleVerify","AdTech","l","Sr. Software Engineer I","Engineer","תל-אביב","https://il.linkedin.com/jobs/view/sr-software-engineer-i-at-doubleverify-4463502274?utm_source=techmap&utm_medium=csv&utm_campaign=github&utm_term=apply","2026-09-29"
"Priority Software","Cloud Computing","l","Senior C/C++ Engineer — Payroll Platform","Engineer","ראש העין","https://il.linkedin.com/jobs/view/senior-c-c%2B%2B-engineer-%E2%80%94-payroll-platform-at-priority-software-4470872922?utm_source=techmap&utm_medium=csv&utm_campaign=github&utm_term=apply","2026-09-29"
"Priority Software","Cloud Computing","l","Senior Full Stack Developer","Engineer","ראש העין","https://il.linkedin.com/jobs/view/senior-full-stack-developer-at-priority-software-4456916666?utm_source=techmap&utm_medium=csv&utm_campaign=github&utm_term=apply","2026-09-29"
"Faye","Fintech","m","Backend Architect","Architect","תל אביב-יפו","https://il.linkedin.com/jobs/view/backend-architect-at-faye-4417365110?utm_source=techmap&utm_medium=csv&utm_campaign=github&utm_term=apply","2026-09-29"
"Quantum Machines","IoT","m","System Engineer","Engineer","תל אביב-יפו","https://il.linkedin.com/jobs/view/system-engineer-at-quantum-machines-4471927071?utm_source=techmap&utm_medium=csv&utm_campaign=github&utm_term=apply","2026-09-29"
"Flex","Robotics & Automation","xl","Industrial Engineer","Engineer","צורית","https://il.linkedin.com/jobs/view/industrial-engineer-at-flex-4462965996?utm_source=techmap&utm_medium=csv&utm_campaign=github&utm_term=apply","2026-09-29"
"Wiz","Cybersecurity","l","Backend Engineer","Engineer","תל אביב-יפו","https://il.linkedin.com/jobs/view/backend-engineer-at-wiz-4406755476?utm_source=techmap&utm_medium=csv&utm_campaign=github&utm_term=apply","2026-09-29"
"Google","Digital Media","xl","Software Engineer III, AIX Inputs","Engineer","תל אביב-יפו","https://il.linkedin.com/jobs/view/software-engineer-iii-aix-inputs-at-google-4471930179?utm_source=techmap&utm_medium=csv&utm_campaign=github&utm_term=apply","2026-09-29"
"Arad","Sustainable Technology","m","AI-Native Full Stack Developer","Engineer","יוקנעם עילית","https://il.linkedin.com/jobs/view/ai-native-full-stack-developer-at-arad-technologies-4471904232?utm_source=techmap&utm_medium=csv&utm_campaign=github&utm_term=apply","2026-09-29"
"Mobileye","Automotive","l","Senior C++ Developer – Neural Network Integration & Production 3D Sensing Systems","Engineer","ירושלים","https://il.linkedin.com/jobs/view/senior-c%2B%2B-developer-%E2%80%93-neural-network-integration-production-3d-sensing-systems-at-mobileye-4471285407?utm_source=techmap&utm_medium=csv&utm_campaign=github&utm_term=apply","2026-09-29"
"Rafael Advanced Defense Systems","Aerospace","l","Senior System Engineer","Engineer","חיפה","https://il.linkedin.com/jobs/view/senior-system-engineer-at-rafael-advanced-defense-systems-4464469942?utm_source=techmap&utm_medium=csv&utm_campaign=github&utm_term=apply","2026-09-29"
"NICE","Cybersecurity","l","Platform Engineering Group Leader","Manager","רעננה","https://il.linkedin.com/jobs/view/platform-engineering-group-leader-at-nice-4470899853?utm_source=techmap&utm_medium=csv&utm_campaign=github&utm_term=apply","2026-09-29"
"Mobileye","Automotive","l","Validation & Integration Engineer","Engineer","ירושלים","https://il.linkedin.com/jobs/view/validation-integration-engineer-at-mobileye-4471909359?utm_source=techmap&utm_medium=csv&utm_campaign=github&utm_term=apply","2026-09-29"
"NICE","Cybersecurity","l","Senior Agentic Systems Engineer","Engineer","רעננה","https://il.linkedin.com/jobs/view/senior-agentic-systems-engineer-at-nice-4471202788?utm_source=techmap&utm_medium=csv&utm_campaign=github&utm_term=apply","2026-09-29"
"Rafael Advanced Defense Systems","Aerospace","l","System Engineer","Engineer","חיפה","https://il.linkedin.com/jobs/view/system-engineer-at-rafael-advanced-defense-systems-4468604393?utm_source=techmap&utm_medium=csv&utm_campaign=github&utm_term=apply","2026-09-29"
"Check Point Software Technologies","Cybersecurity","l","C/C++ Developer  - SMB Security team","Engineer","תל אביב-יפו","https://il.linkedin.com/jobs/view/c-c%2B%2B-developer-smb-security-team-at-check-point-software-4471701597?utm_source=techmap&utm_medium=csv&utm_campaign=github&utm_term=apply","2026-09-29"
"Mobileye","Automotive","l","Senior Full-Stack Platform Engineer – Agentic AI","Engineer","ירושלים","https://il.linkedin.com/jobs/view/senior-full-stack-platform-engineer-%E2%80%93-agentic-ai-at-mobileye-4463226652?utm_source=techmap&utm_medium=csv&utm_campaign=github&utm_term=apply","2026-09-29"
"Palo Alto Networks","Cybersecurity","xl","Principal Software Engineer for SaaS (SIA for Databases)- Idira","Engineer","תל אביב-יפו","https://il.linkedin.com/jobs/view/principal-software-engineer-for-saas-sia-for-databases-idira-at-palo-alto-networks-4471748181?utm_source=techmap&utm_medium=csv&utm_campaign=github&utm_term=apply","2026-09-29"
"Nvidia","AI/ML","l","Senior Package Layout Engineer","Engineer","יקנעם עילית","https://il.linkedin.com/jobs/view/senior-package-layout-engineer-at-nvidia-4471566780?utm_source=techmap&utm_medium=csv&utm_campaign=github&utm_term=apply","2026-09-29"
"Elbit Systems","Aerospace","l","Field Engineering and Integration","Engineer","חיפה","https://il.linkedin.com/jobs/view/field-engineering-and-integration-at-elbit-systems-israel-4375574139?utm_source=techmap&utm_medium=csv&utm_campaign=github&utm_term=apply","2026-09-29"
"Google","Digital Media","xl","Part-Time Software Engineering PhD Intern, 2027","Student","תל אביב-יפו","https://il.linkedin.com/jobs/view/part-time-software-engineering-phd-intern-2027-at-google-4454298295?utm_source=techmap&utm_medium=csv&utm_campaign=github&utm_term=apply","2026-09-29"
"Palo Alto Networks","Cybersecurity","xl","Senior Principal Software Engineer Chief Architect Office - (Idira)","Architect","תל אביב-יפו","https://il.linkedin.com/jobs/view/senior-principal-software-engineer-chief-architect-office-idira-at-palo-alto-networks-4471779342?utm_source=techmap&utm_medium=csv&utm_campaign=github&utm_term=apply","2026-09-29"
"Nvidia","AI/ML","l","Senior Network Architect, Advanced Packaging","Architect","תל אביב-יפו","https://il.linkedin.com/jobs/view/senior-network-architect-advanced-packaging-at-nvidia-4454436494?utm_source=techmap&utm_medium=csv&utm_campaign=github&utm_term=apply","2026-09-29"
"Nvidia","AI/ML","l","Senior Software Engineer - Infrastructure and Tools","Engineer","תל אביב-יפו","https://il.linkedin.com/jobs/view/senior-software-engineer-infrastructure-and-tools-at-nvidia-4471576323?utm_source=techmap&utm_medium=csv&utm_campaign=github&utm_term=apply","2026-09-29"
"KLA","Robotics & Automation","l","System Engineer - MDE","Engineer","מגדל העמק","https://il.linkedin.com/jobs/view/system-engineer-mde-at-kla-4442368700?utm_source=techmap&utm_medium=csv&utm_campaign=github&utm_term=apply","2026-09-29"
"KMS Lighthouse","Productivity","m","R&D Director","Executive","פתח תקווה","https://www.comeet.com/jobs/kmslh/97.008/rd-director/95.F68?utm_source=techmap&utm_medium=csv&utm_campaign=github&utm_term=apply","2026-09-28"
"VAST Data","Cloud Computing","l","Big Data & Data Infrastructure Engineer","Engineer","תל אביב-יפו","https://www.comeet.com/jobs/vastdata/43.001/big-data--data-infrastructure-engineer/BF.546?utm_source=techmap&utm_medium=csv&utm_campaign=github&utm_term=apply","2026-09-28"
"XTEND","Aerospace","m","Backend Team Lead (C++)","Manager","תל אביב-יפו","https://www.comeet.com/jobs/xtend/85.00A/backend-team-lead-c/DF.665?utm_source=techmap&utm_medium=csv&utm_campaign=github&utm_term=apply","2026-09-28"
"Venn","Digital Media","m","Data Lead- Full-Stack Data Engineer","Manager","תל אביב-יפו","https://il.linkedin.com/jobs/view/data-lead-full-stack-data-engineer-at-venn-4464903522?utm_source=techmap&utm_medium=csv&utm_campaign=github&utm_term=apply","2026-09-28"
"Paragon","Cybersecurity","l","System Engineer","Engineer","תל אביב-יפו","https://il.linkedin.com/jobs/view/system-engineer-at-paragon-4425617619?utm_source=techmap&utm_medium=csv&utm_campaign=github&utm_term=apply","2026-09-28"
"Webz.io","AI/ML","m","Back End Developer","Engineer","פתח תקווה","https://il.linkedin.com/jobs/view/back-end-developer-at-webz-io-4470853333?utm_source=techmap&utm_medium=csv&utm_campaign=github&utm_term=apply","2026-09-28"
"JFrog","Cloud Computing","l","IS Integration Engineer","Engineer","נתניה","https://il.linkedin.com/jobs/view/is-integration-engineer-at-jfrog-4471343027?utm_source=techmap&utm_medium=csv&utm_campaign=github&utm_term=apply","2026-09-28"
"ControlUp","Productivity","l","Engineering Manager","Manager","ראשון לציון","https://il.linkedin.com/jobs/view/engineering-manager-at-controlup-4472716102?utm_source=techmap&utm_medium=csv&utm_campaign=github&utm_term=apply","2026-09-28"
"Vishay","Semiconductors","l","Senior Maintenance Engineer","Engineer","מודיעין-מכבים-רעות","https://il.linkedin.com/jobs/view/senior-maintenance-engineer-at-vishay-intertechnology-inc-4451189472?utm_source=techmap&utm_medium=csv&utm_campaign=github&utm_term=apply","2026-09-28"
"Classiq Technologies","AI/ML","m","Artificial Intelligence Engineer","Engineer","תל אביב-יפו","https://il.linkedin.com/jobs/view/artificial-intelligence-engineer-at-classiq-4472733179?utm_source=techmap&utm_medium=csv&utm_campaign=github&utm_term=apply","2026-09-28"
"Via","Automotive","l","Senior Backend Engineer- Routing Data","Engineer","רמת גן","https://il.linkedin.com/jobs/view/senior-backend-engineer-routing-data-at-via-4426912066?utm_source=techmap&utm_medium=csv&utm_campaign=github&utm_term=apply","2026-09-28"
"Quantum Art","Productivity","s","Python Developer","Engineer","נס ציונה","https://il.linkedin.com/jobs/view/python-developer-at-quantum-art-4470834482?utm_source=techmap&utm_medium=csv&utm_campaign=github&utm_term=apply","2026-09-28"
"Zafran Security","Cybersecurity","m","ServiceNow Application Engineer - Workflows Team","Engineer","תל אביב-יפו","https://il.linkedin.com/jobs/view/servicenow-application-engineer-workflows-team-at-zafran-security-4472745266?utm_source=techmap&utm_medium=csv&utm_campaign=github&utm_term=apply","2026-09-28"
"AppDome","Cybersecurity","m","Software Engineer","Engineer","תל אביב-יפו","https://il.linkedin.com/jobs/view/software-engineer-at-appdome-4451769830?utm_source=techmap&utm_medium=csv&utm_campaign=github&utm_term=apply","2026-09-28"
"Oktopost","AdTech","m","Senior Full-Stack Developer","Engineer","רמת גן","https://il.linkedin.com/jobs/view/senior-full-stack-developer-at-oktopost-4472494363?utm_source=techmap&utm_medium=csv&utm_campaign=github&utm_term=apply","2026-09-28"
"Paragon","Cybersecurity","l","Director R&D","Executive","תל אביב-יפו","https://il.linkedin.com/jobs/view/director-r-d-at-paragon-4443553535?utm_source=techmap&utm_medium=csv&utm_campaign=github&utm_term=apply","2026-09-28"
"Paragon","Cybersecurity","l","R&D Team Leader","Manager","תל אביב-יפו","https://il.linkedin.com/jobs/view/r-d-team-leader-at-paragon-4471493275?utm_source=techmap&utm_medium=csv&utm_campaign=github&utm_term=apply","2026-09-28"
"JFrog","Cloud Computing","l","R&D Director","Executive","נתניה","https://il.linkedin.com/jobs/view/r-d-director-at-jfrog-4471394091?utm_source=techmap&utm_medium=csv&utm_campaign=github&utm_term=apply","2026-09-28"
"Amazon","E-commerce & Retail","l","Software Development Engineer, Shopping Personalization AI, Amazon Stores","Engineer","תל אביב-יפו","https://il.linkedin.com/jobs/view/software-development-engineer-shopping-personalization-ai-amazon-stores-at-amazon-4464040283?utm_source=techmap&utm_medium=csv&utm_campaign=github&utm_term=apply","2026-09-28"
"Medtronic","Health","l","Senior Systems Engineer","Engineer","הרצליה","https://il.linkedin.com/jobs/view/senior-systems-engineer-at-medtronic-4472707100?utm_source=techmap&utm_medium=csv&utm_campaign=github&utm_term=apply","2026-09-28"
"Nova Measuring Instruments","Semiconductors","l","Production Integration Engineer","Engineer","רחובות","https://il.linkedin.com/jobs/view/production-integration-engineer-at-nova-ltd-4403308094?utm_source=techmap&utm_medium=csv&utm_campaign=github&utm_term=apply","2026-09-28"
"Nova Measuring Instruments","Semiconductors","l","System Engineer Team Lead","Manager","רחובות","https://il.linkedin.com/jobs/view/system-engineer-team-lead-at-nova-ltd-4403079881?utm_source=techmap&utm_medium=csv&utm_campaign=github&utm_term=apply","2026-09-28"
"Quantum Machines","IoT","m","Validation Engineer- Quantum Control Systems","Engineer","תל אביב-יפו","https://il.linkedin.com/jobs/view/validation-engineer-quantum-control-systems-at-quantum-machines-4471385571?utm_source=techmap&utm_medium=csv&utm_campaign=github&utm_term=apply","2026-09-28"
"Quantum Machines","IoT","m","Quantum Control Systems Engineer (Application Validation Team)","Engineer","תל אביב-יפו","https://il.linkedin.com/jobs/view/quantum-control-systems-engineer-application-validation-team-at-quantum-machines-4471500600?utm_source=techmap&utm_medium=csv&utm_campaign=github&utm_term=apply","2026-09-28"
"Wiz","Cybersecurity","l","CTO Operations Engineer","Engineer","תל אביב-יפו","https://il.linkedin.com/jobs/view/cto-operations-engineer-at-wiz-4406757501?utm_source=techmap&utm_medium=csv&utm_campaign=github&utm_term=apply","2026-09-28"
"Dream Security","Cybersecurity","m","Senior Backend Engineer- CTI","Engineer","רמת גן","https://il.linkedin.com/jobs/view/senior-backend-engineer-cti-at-dream-4434986281?utm_source=techmap&utm_medium=csv&utm_campaign=github&utm_term=apply","2026-09-28"
"Thales","Cybersecurity","m","C++  Software Engineer","Engineer","פתח תקווה","https://il.linkedin.com/jobs/view/c%2B%2B-software-engineer-at-thales-4445619017?utm_source=techmap&utm_medium=csv&utm_campaign=github&utm_term=apply","2026-09-28"
"Thales","Cybersecurity","m","C++ Software Engineer (12-Month Fixed-Term Position)","Engineer","פתח תקווה","https://il.linkedin.com/jobs/view/c%2B%2B-software-engineer-12-month-fixed-term-position-at-thales-4445601990?utm_source=techmap&utm_medium=csv&utm_campaign=github&utm_term=apply","2026-09-28"
"AppsFlyer","AdTech","l","Senior Software Engineer","Engineer","הרצליה","https://il.linkedin.com/jobs/view/senior-software-engineer-at-appsflyer-4471392924?utm_source=techmap&utm_medium=csv&utm_campaign=github&utm_term=apply","2026-09-28"
"Transmit Security","Cybersecurity","l","Senior Software Engineer (Scala)","Engineer","תל אביב-יפו","https://il.linkedin.com/jobs/view/senior-software-engineer-scala-at-transmit-security-4464036646?utm_source=techmap&utm_medium=csv&utm_campaign=github&utm_term=apply","2026-09-28"
"Paragon","Cybersecurity","l","Low Level Developer","Engineer","תל אביב-יפו","https://il.linkedin.com/jobs/view/low-level-developer-at-paragon-4377854478?utm_source=techmap&utm_medium=csv&utm_campaign=github&utm_term=apply","2026-09-28"
"Paragon","Cybersecurity","l","Software Engineer - Access infrastructure","Engineer","תל אביב-יפו","https://il.linkedin.com/jobs/view/software-engineer-access-infrastructure-at-paragon-4441769609?utm_source=techmap&utm_medium=csv&utm_campaign=github&utm_term=apply","2026-09-28"
"Paragon","Cybersecurity","l","Backend Engineer - Platform","Engineer","תל אביב-יפו","https://il.linkedin.com/jobs/view/backend-engineer-platform-at-paragon-4429311891?utm_source=techmap&utm_medium=csv&utm_campaign=github&utm_term=apply","2026-09-28"
"Paragon","Cybersecurity","l","Software Engineer","Engineer","תל אביב-יפו","https://il.linkedin.com/jobs/view/software-engineer-at-paragon-4384842223?utm_source=techmap&utm_medium=csv&utm_campaign=github&utm_term=apply","2026-09-28"
"Xsight Labs","Semiconductors","m","Senior SerDes & High-Speed PHY Validation Engineer","Engineer","קרית גת","https://il.linkedin.com/jobs/view/senior-serdes-high-speed-phy-validation-engineer-at-xsight-labs-4455178820?utm_source=techmap&utm_medium=csv&utm_campaign=github&utm_term=apply","2026-09-28"
"Xsight Labs","Semiconductors","m","SerDes & High-Speed PHY Validation Engineer","Engineer","קרית גת","https://il.linkedin.com/jobs/view/serdes-high-speed-phy-validation-engineer-at-xsight-labs-4467493415?utm_source=techmap&utm_medium=csv&utm_campaign=github&utm_term=apply","2026-09-28"
"Nova Measuring Instruments","Semiconductors","l","Integration Engineer","Engineer","רחובות","https://il.linkedin.com/jobs/view/integration-engineer-at-nova-ltd-4442614060?utm_source=techmap&utm_medium=csv&utm_campaign=github&utm_term=apply","2026-09-28"
"Mobileye","Automotive","l","Experienced C++ Developer - Farm Team","Engineer","ירושלים","https://il.linkedin.com/jobs/view/experienced-c%2B%2B-developer-farm-team-at-mobileye-4444831652?utm_source=techmap&utm_medium=csv&utm_campaign=github&utm_term=apply","2026-09-28"
"Intel","Semiconductors","l","Practical Engineering Student -  Kiryat Gat","Student","קרית גת","https://il.linkedin.com/jobs/view/practical-engineering-student-kiryat-gat-at-intel-4471538512?utm_source=techmap&utm_medium=csv&utm_campaign=github&utm_term=apply","2026-09-28"
"Connecteam","Productivity","l","Senior Backend Platform Engineer","Engineer","ראשון לציון","https://il.linkedin.com/jobs/view/senior-backend-platform-engineer-at-connecteam-4472766039?utm_source=techmap&utm_medium=csv&utm_campaign=github&utm_term=apply","2026-09-28"
"Nova Measuring Instruments","Semiconductors","l","System Engineer","Engineer","רחובות","https://il.linkedin.com/jobs/view/system-engineer-at-nova-ltd-4471395396?utm_source=techmap&utm_medium=csv&utm_campaign=github&utm_term=apply","2026-09-28"
"MediWound","Health","m","Process & system Engineer","Engineer","יבנה","https://il.linkedin.com/jobs/view/process-system-engineer-at-mediwound-4459776676?utm_source=techmap&utm_medium=csv&utm_campaign=github&utm_term=apply","2026-09-28"
"Moon Active","Gaming","l","Game Engineer","Engineer","תל אביב-יפו","https://il.linkedin.com/jobs/view/game-engineer-at-moon-active-4453083556?utm_source=techmap&utm_medium=csv&utm_campaign=github&utm_term=apply","2026-09-28"
"Elbit Systems","Aerospace","l","Radar System Engineer","Engineer","חיפה","https://il.linkedin.com/jobs/view/radar-system-engineer-at-elbit-systems-israel-4461839353?utm_source=techmap&utm_medium=csv&utm_campaign=github&utm_term=apply","2026-09-28"
"ICL","Sustainable Technology","l","Planning Engineer","Engineer","באר שבע","https://il.linkedin.com/jobs/view/planning-engineer-at-icl-group-4470875768?utm_source=techmap&utm_medium=csv&utm_campaign=github&utm_term=apply","2026-09-28"
"Palo Alto Networks","Cybersecurity","xl","Backend Team Manager -AppSec (Cortex Cloud)","Manager","תל אביב-יפו","https://il.linkedin.com/jobs/view/backend-team-manager-appsec-cortex-cloud-at-palo-alto-networks-4470884423?utm_source=techmap&utm_medium=csv&utm_campaign=github&utm_term=apply","2026-09-28"
"Nvidia","AI/ML","l","Senior Software Advanced Developer","Engineer","תל אביב-יפו","https://il.linkedin.com/jobs/view/senior-software-advanced-developer-at-nvidia-4395484276?utm_source=techmap&utm_medium=csv&utm_campaign=github&utm_term=apply","2026-09-28"
"Nvidia","AI/ML","l","Senior Software System Engineer","Engineer","יקנעם עילית","https://il.linkedin.com/jobs/view/senior-software-system-engineer-at-nvidia-4395489214?utm_source=techmap&utm_medium=csv&utm_campaign=github&utm_term=apply","2026-09-28"
"Nvidia","AI/ML","l","Manager, SONiC Software","Manager","רעננה","https://il.linkedin.com/jobs/view/manager-sonic-software-at-nvidia-4395468620?utm_source=techmap&utm_medium=csv&utm_campaign=github&utm_term=apply","2026-09-28"
"Nvidia","AI/ML","l","System Software Engineer","Engineer","יקנעם עילית","https://il.linkedin.com/jobs/view/system-software-engineer-at-nvidia-4462904122?utm_source=techmap&utm_medium=csv&utm_campaign=github&utm_term=apply","2026-09-28"
"Nvidia","AI/ML","l","Senior Software Engineer - Networking","Engineer","יקנעם עילית","https://il.linkedin.com/jobs/view/senior-software-engineer-networking-at-nvidia-4395477258?utm_source=techmap&utm_medium=csv&utm_campaign=github&utm_term=apply","2026-09-28"
"Nvidia","AI/ML","l","Software Engineer, SPE","Engineer","יקנעם עילית","https://il.linkedin.com/jobs/view/software-engineer-spe-at-nvidia-4395470504?utm_source=techmap&utm_medium=csv&utm_campaign=github&utm_term=apply","2026-09-28"
"Exodigo","Robotics & Automation","m","Engineering Maps Lead","Manager","תל אביב-יפו","https://www.comeet.com/jobs/exodigo/89.005/engineering-maps-lead/4E.E46?utm_source=techmap&utm_medium=csv&utm_campaign=github&utm_term=apply","2026-09-27"
"Cato Networks","Cybersecurity","l","SW Engineer - Enterprise Browser team","Engineer","בני ברק","https://il.linkedin.com/jobs/view/sw-engineer-enterprise-browser-team-at-cato-networks-4374289767?utm_source=techmap&utm_medium=csv&utm_campaign=github&utm_term=apply","2026-09-27"
"Sharegain","Fintech","m","AI Software Engineer","Engineer","נתניה","https://il.linkedin.com/jobs/view/ai-software-engineer-at-sharegain-4470803482?utm_source=techmap&utm_medium=csv&utm_campaign=github&utm_term=apply","2026-09-27"
"Digital Turbine","AdTech","xl","Senior Software Engineer","Engineer","פתח תקווה","https://il.linkedin.com/jobs/view/senior-software-engineer-at-dt-4471097298?utm_source=techmap&utm_medium=csv&utm_campaign=github&utm_term=apply","2026-09-27"
"Melio","Fintech","l","Backend Engineer","Engineer","תל אביב-יפו","https://il.linkedin.com/jobs/view/backend-engineer-at-melio-4462676408?utm_source=techmap&utm_medium=csv&utm_campaign=github&utm_term=apply","2026-09-27"
"Mentee Robotics","Robotics & Automation","s","Backend Team Lead","Manager","הרצליה","https://il.linkedin.com/jobs/view/backend-team-lead-at-mentee-robotics-4470598778?utm_source=techmap&utm_medium=csv&utm_campaign=github&utm_term=apply","2026-09-27"
"Mentee Robotics","Robotics & Automation","s","Senior Software Engineer - C/C++","Engineer","הרצליה","https://il.linkedin.com/jobs/view/senior-software-engineer-c-c%2B%2B-at-mentee-robotics-4472444737?utm_source=techmap&utm_medium=csv&utm_campaign=github&utm_term=apply","2026-09-27"
"Sentra","Cybersecurity","m","Back End Developer","Engineer","תל אביב-יפו","https://il.linkedin.com/jobs/view/back-end-developer-at-sentra-4470802221?utm_source=techmap&utm_medium=csv&utm_campaign=github&utm_term=apply","2026-09-27"
"Wiz","Cybersecurity","l","Detection Software Engineer","Engineer","תל אביב-יפו","https://il.linkedin.com/jobs/view/detection-software-engineer-at-wiz-4406764072?utm_source=techmap&utm_medium=csv&utm_campaign=github&utm_term=apply","2026-09-27"
"BioProtect","Health","m","Research And Development Engineer","Engineer","כוכב יאיר צור יגאל","https://il.linkedin.com/jobs/view/research-and-development-engineer-at-bioprotect-4458843358?utm_source=techmap&utm_medium=csv&utm_campaign=github&utm_term=apply","2026-09-27"
"HiBob","Productivity","l","Software Architect - Data Platform","Architect","תל אביב-יפו","https://il.linkedin.com/jobs/view/software-architect-data-platform-at-hibob-4464486554?utm_source=techmap&utm_medium=csv&utm_campaign=github&utm_term=apply","2026-09-27"
"JFrog","Cloud Computing","l","Senior Software Engineer","Engineer","נתניה","https://il.linkedin.com/jobs/view/senior-software-engineer-at-jfrog-4471093163?utm_source=techmap&utm_medium=csv&utm_campaign=github&utm_term=apply","2026-09-27"
"Qualcomm","Telecommunications","l","RF System Engineer - Haifa, Israel","Engineer","טירת כרמל","https://il.linkedin.com/jobs/view/rf-system-engineer-haifa-israel-at-qualcomm-4392418683?utm_source=techmap&utm_medium=csv&utm_campaign=github&utm_term=apply","2026-09-27"
"Harmonic","Digital Media","m","Lab Support Technical Leader","Tech Lead","קיסריה","https://il.linkedin.com/jobs/view/lab-support-technical-leader-at-harmonic-4416588547?utm_source=techmap&utm_medium=csv&utm_campaign=github&utm_term=apply","2026-09-27"
"Navan","E-commerce & Retail","l","Senior Full Stack Engineer","Engineer","תל אביב-יפו","https://il.linkedin.com/jobs/view/senior-full-stack-engineer-at-navan-4472422934?utm_source=techmap&utm_medium=csv&utm_campaign=github&utm_term=apply","2026-09-27"
"Cyolo","Cybersecurity","m","Principal Software Engineer","Engineer","רמת גן","https://il.linkedin.com/jobs/view/principal-software-engineer-at-cyolo-4472436464?utm_source=techmap&utm_medium=csv&utm_campaign=github&utm_term=apply","2026-09-27"
"Quantum Machines","IoT","m","Architecture Prototyping Engineer","Architect","תל אביב-יפו","https://il.linkedin.com/jobs/view/architecture-prototyping-engineer-at-quantum-machines-4471091511?utm_source=techmap&utm_medium=csv&utm_campaign=github&utm_term=apply","2026-09-27"
"DriveNets","Productivity","l","Senior Backend Developer /Tech Lead","Tech Lead","רעננה","https://il.linkedin.com/jobs/view/senior-backend-developer-tech-lead-at-drivenets-4391700532?utm_source=techmap&utm_medium=csv&utm_campaign=github&utm_term=apply","2026-09-27"
"SimilarWeb","Productivity","l","Backend Engineer","Engineer","גבעתיים","https://il.linkedin.com/jobs/view/backend-engineer-at-similarweb-4472438395?utm_source=techmap&utm_medium=csv&utm_campaign=github&utm_term=apply","2026-09-27"
"Wix","E-commerce & Retail","l","xEngineer Team Lead (Backend Oriented) for Viewer","Manager","מתחם גלילות","https://il.linkedin.com/jobs/view/xengineer-team-lead-backend-oriented-for-viewer-at-wix-4467714070?utm_source=techmap&utm_medium=csv&utm_campaign=github&utm_term=apply","2026-09-27"
"Nvidia","AI/ML","l","Senior Software Engineer, LLM Inference","Engineer","תל אביב-יפו","https://il.linkedin.com/jobs/view/senior-software-engineer-llm-inference-at-nvidia-4406926160?utm_source=techmap&utm_medium=csv&utm_campaign=github&utm_term=apply","2026-09-27"
"Nvidia","AI/ML","l","Senior Software Configuration Management Engineer – Hardware","Engineer","תל אביב-יפו","https://il.linkedin.com/jobs/view/senior-software-configuration-management-engineer-%E2%80%93-hardware-at-nvidia-4395472459?utm_source=techmap&utm_medium=csv&utm_campaign=github&utm_term=apply","2026-09-27"
"Philips","Health","l","Systems Engineer","Engineer","חיפה","https://il.linkedin.com/jobs/view/systems-engineer-at-philips-4471300437?utm_source=techmap&utm_medium=csv&utm_campaign=github&utm_term=apply","2026-09-27"
"Palo Alto Networks","Cybersecurity","xl","Principal C++ Software Engineer (Prisma Browser)","Engineer","תל אביב-יפו","https://il.linkedin.com/jobs/view/principal-c%2B%2B-software-engineer-prisma-browser-at-palo-alto-networks-4461812860?utm_source=techmap&utm_medium=csv&utm_campaign=github&utm_term=apply","2026-09-27"
"ICL","Sustainable Technology","l","Process Engineer","Engineer","באר שבע","https://il.linkedin.com/jobs/view/process-engineer-at-icl-group-4470802398?utm_source=techmap&utm_medium=csv&utm_campaign=github&utm_term=apply","2026-09-27"
"Nvidia","AI/ML","l","Senior Mixed-Signal Analog CAD Engineer","Engineer","יקנעם עילית","https://il.linkedin.com/jobs/view/senior-mixed-signal-analog-cad-engineer-at-nvidia-4395476279?utm_source=techmap&utm_medium=csv&utm_campaign=github&utm_term=apply","2026-09-27"
"Nvidia","AI/ML","l","Senior ASIC Architect","Architect","תל אביב-יפו","https://il.linkedin.com/jobs/view/senior-asic-architect-at-nvidia-4395478227?utm_source=techmap&utm_medium=csv&utm_campaign=github&utm_term=apply","2026-09-27"
"Nvidia","AI/ML","l","Principal Storage Software Engineer - DGX Cloud","Engineer","תל אביב-יפו","https://il.linkedin.com/jobs/view/principal-storage-software-engineer-dgx-cloud-at-nvidia-4426688261?utm_source=techmap&utm_medium=csv&utm_campaign=github&utm_term=apply","2026-09-27"
"Nvidia","AI/ML","l","Senior Test Engineer","Engineer","יקנעם עילית","https://il.linkedin.com/jobs/view/senior-test-engineer-at-nvidia-4395475399?utm_source=techmap&utm_medium=csv&utm_campaign=github&utm_term=apply","2026-09-27"
"Nvidia","AI/ML","l","Senior Power Engineer","Engineer","יקנעם עילית","https://il.linkedin.com/jobs/view/senior-power-engineer-at-nvidia-4444039921?utm_source=techmap&utm_medium=csv&utm_campaign=github&utm_term=apply","2026-09-27"
"Nvidia","AI/ML","l","Senior Software Architect, Advanced Development","Architect","תל אביב-יפו","https://il.linkedin.com/jobs/view/senior-software-architect-advanced-development-at-nvidia-4395484287?utm_source=techmap&utm_medium=csv&utm_campaign=github&utm_term=apply","2026-09-27"
"Nvidia","AI/ML","l","Senior Software Engineer - SONiC Design Group","Engineer","רעננה","https://il.linkedin.com/jobs/view/senior-software-engineer-sonic-design-group-at-nvidia-4395485118?utm_source=techmap&utm_medium=csv&utm_campaign=github&utm_term=apply","2026-09-27"
"Nvidia","AI/ML","l","Senior Software Architect, RISC-V Networking Accelerator","Architect","באר שבע","https://il.linkedin.com/jobs/view/senior-software-architect-risc-v-networking-accelerator-at-nvidia-4435007297?utm_source=techmap&utm_medium=csv&utm_campaign=github&utm_term=apply","2026-09-27"
"Nvidia","AI/ML","l","Senior High-Performance System Architect","Architect","תל אביב-יפו","https://il.linkedin.com/jobs/view/senior-high-performance-system-architect-at-nvidia-4395486412?utm_source=techmap&utm_medium=csv&utm_campaign=github&utm_term=apply","2026-09-27"
"Zero Networks","Cybersecurity","m","Software Team Lead","Manager","תל אביב-יפו","https://www.comeet.com/jobs/zeronetworks/39.00F/software-team-lead/2D.350?utm_source=techmap&utm_medium=csv&utm_campaign=github&utm_term=apply","2026-09-26"
"Oracle","Cloud Computing","l","Principal Cloud Architect – Startups","Architect","פתח תקווה","https://il.linkedin.com/jobs/view/principal-cloud-architect-%E2%80%93-startups-at-oracle-4432754215?utm_source=techmap&utm_medium=csv&utm_campaign=github&utm_term=apply","2026-09-26"
"Zscaler Israel","Cybersecurity","m","Sr. Staff Backend Engineer","Engineer","רמת גן","https://il.linkedin.com/jobs/view/sr-staff-backend-engineer-at-zscaler-4435814285?utm_source=techmap&utm_medium=csv&utm_campaign=github&utm_term=apply","2026-09-26"
"Wiz","Cybersecurity","l","Principal Solutions Engineer","Engineer","תל אביב-יפו","https://il.linkedin.com/jobs/view/principal-solutions-engineer-at-wiz-4432706080?utm_source=techmap&utm_medium=csv&utm_campaign=github&utm_term=apply","2026-09-26"
"Aidoc","Health","l","Principal Software Engineer","Engineer","תל אביב-יפו","https://il.linkedin.com/jobs/view/principal-software-engineer-at-aidoc-4426744381?utm_source=techmap&utm_medium=csv&utm_campaign=github&utm_term=apply","2026-09-26"
"Intel","Semiconductors","l","Security Software Development Engineer","Engineer","חיפה","https://il.linkedin.com/jobs/view/security-software-development-engineer-at-intel-4434655998?utm_source=techmap&utm_medium=csv&utm_campaign=github&utm_term=apply","2026-09-26"
"Cisco Systems","Telecommunications","l","C++ Software Engineer","Engineer","נתניה","https://il.linkedin.com/jobs/view/c%2B%2B-software-engineer-at-cisco-4444418507?utm_source=techmap&utm_medium=csv&utm_campaign=github&utm_term=apply","2026-09-26"
"Nvidia","AI/ML","l","Senior Software Engineer, DOCA SDK","Engineer","יקנעם עילית","https://il.linkedin.com/jobs/view/senior-software-engineer-doca-sdk-at-nvidia-4395479256?utm_source=techmap&utm_medium=csv&utm_campaign=github&utm_term=apply","2026-09-26"
"Palo Alto Networks","Cybersecurity","xl","Principal Software Engineer (Secure Agentic AI)","Engineer","תל אביב-יפו","https://il.linkedin.com/jobs/view/principal-software-engineer-secure-agentic-ai-at-palo-alto-networks-4423145834?utm_source=techmap&utm_medium=csv&utm_campaign=github&utm_term=apply","2026-09-26"
"Elbit Systems","Aerospace","l","Chemical Process Engineer","Engineer","חיפה","https://il.linkedin.com/jobs/view/chemical-process-engineer-at-elbit-systems-israel-4383698027?utm_source=techmap&utm_medium=csv&utm_campaign=github&utm_term=apply","2026-09-26"
"Mobileye","Automotive","l","Backend Team Lead - REM Engineering","Manager","ירושלים","https://il.linkedin.com/jobs/view/backend-team-lead-rem-engineering-at-mobileye-4415793976?utm_source=techmap&utm_medium=csv&utm_campaign=github&utm_term=apply","2026-09-26"
"Nvidia","AI/ML","l","Senior Pre-Silicon Switch Technical Lead","Tech Lead","רעננה","https://il.linkedin.com/jobs/view/senior-pre-silicon-switch-technical-lead-at-nvidia-4395486181?utm_source=techmap&utm_medium=csv&utm_campaign=github&utm_term=apply","2026-09-26"
"Nvidia","AI/ML","l","Senior IC Failure Analysis Engineer","Engineer","יקנעם עילית","https://il.linkedin.com/jobs/view/senior-ic-failure-analysis-engineer-at-nvidia-4462342327?utm_source=techmap&utm_medium=csv&utm_campaign=github&utm_term=apply","2026-09-26"
"Nvidia","AI/ML","l","Senior Software Engineer - Ethernet Switch","Engineer","תל אביב-יפו","https://il.linkedin.com/jobs/view/senior-software-engineer-ethernet-switch-at-nvidia-4395490401?utm_source=techmap&utm_medium=csv&utm_campaign=github&utm_term=apply","2026-09-26"
"Nvidia","AI/ML","l","Senior Signal and Power Integrity Engineer","Engineer","תל אביב-יפו","https://il.linkedin.com/jobs/view/senior-signal-and-power-integrity-engineer-at-nvidia-4395478246?utm_source=techmap&utm_medium=csv&utm_campaign=github&utm_term=apply","2026-09-26"
"Nvidia","AI/ML","l","Software Engineer - SONiC Verification","Engineer","רעננה","https://il.linkedin.com/jobs/view/software-engineer-sonic-verification-at-nvidia-4453263701?utm_source=techmap&utm_medium=csv&utm_campaign=github&utm_term=apply","2026-09-26"
"Nvidia","AI/ML","l","Senior SONiC Software Engineer - Python","Engineer","רעננה","https://il.linkedin.com/jobs/view/senior-sonic-software-engineer-python-at-nvidia-4395487160?utm_source=techmap&utm_medium=csv&utm_campaign=github&utm_term=apply","2026-09-26"
"Nvidia","AI/ML","l","Software Design Engineer - SONiC Group","Engineer","רעננה","https://il.linkedin.com/jobs/view/software-design-engineer-sonic-group-at-nvidia-4395482230?utm_source=techmap&utm_medium=csv&utm_campaign=github&utm_term=apply","2026-09-26"
"Nvidia","AI/ML","l","Senior Networking ASIC Functional Characterization Engineer","Engineer","יקנעם עילית","https://il.linkedin.com/jobs/view/senior-networking-asic-functional-characterization-engineer-at-nvidia-4462339384?utm_source=techmap&utm_medium=csv&utm_campaign=github&utm_term=apply","2026-09-26"
"Melio","Fintech","l","Senior Backend Engineer","Engineer","תל אביב-יפו","https://il.linkedin.com/jobs/view/senior-backend-engineer-at-melio-4443861537?utm_source=techmap&utm_medium=csv&utm_campaign=github&utm_term=apply","2026-09-25"
"Quantum Machines","IoT","m","Compiler Engineer","Engineer","תל אביב-יפו","https://il.linkedin.com/jobs/view/compiler-engineer-at-quantum-machines-4294107905?utm_source=techmap&utm_medium=csv&utm_campaign=github&utm_term=apply","2026-09-25"
"Aidoc","Health","l","Staff Software Engineer","Engineer","תל אביב-יפו","https://il.linkedin.com/jobs/view/staff-software-engineer-at-aidoc-4426742526?utm_source=techmap&utm_medium=csv&utm_campaign=github&utm_term=apply","2026-09-25"
"SalesForce","AI/ML","l","Senior Forward Deployed Engineer, Hebrew Speaking","Engineer","תל אביב-יפו","https://il.linkedin.com/jobs/view/senior-forward-deployed-engineer-hebrew-speaking-at-salesforce-4435865479?utm_source=techmap&utm_medium=csv&utm_campaign=github&utm_term=apply","2026-09-25"
"Weka","Productivity","l","Senior Software Engineer, Platform","Engineer","תל אביב","https://il.linkedin.com/jobs/view/senior-software-engineer-platform-at-weka-4462879520?utm_source=techmap&utm_medium=csv&utm_campaign=github&utm_term=apply","2026-09-25"
"NetApp","Cloud Computing","m","Full Stack Developer","Engineer","תל אביב-יפו","https://il.linkedin.com/jobs/view/full-stack-developer-at-netapp-4461128829?utm_source=techmap&utm_medium=csv&utm_campaign=github&utm_term=apply","2026-09-25"
"Oracle","Cloud Computing","l","Principal Technical Operations Engineer","Engineer","פתח תקווה","https://il.linkedin.com/jobs/view/principal-technical-operations-engineer-at-oracle-4444275360?utm_source=techmap&utm_medium=csv&utm_campaign=github&utm_term=apply","2026-09-25"
"Forter","Fintech","l","Senior Software Engineer ll, Core Engineering","Engineer","תל אביב-יפו","https://il.linkedin.com/jobs/view/senior-software-engineer-ll-core-engineering-at-forter-4426337562?utm_source=techmap&utm_medium=csv&utm_campaign=github&utm_term=apply","2026-09-25"
"Wix","E-commerce & Retail","l","xEngineer for Wix Headless","Engineer","מתחם גלילות","https://il.linkedin.com/jobs/view/xengineer-for-wix-headless-at-wix-4467070777?utm_source=techmap&utm_medium=csv&utm_campaign=github&utm_term=apply","2026-09-25"
"Google","Digital Media","xl","Senior Software Engineer, Google EDACloud","Engineer","תל אביב-יפו","https://il.linkedin.com/jobs/view/senior-software-engineer-google-edacloud-at-google-4461948478?utm_source=techmap&utm_medium=csv&utm_campaign=github&utm_term=apply","2026-09-25"
"Nvidia","AI/ML","l","Senior Synthesis CAD Engineer","Engineer","רעננה","https://il.linkedin.com/jobs/view/senior-synthesis-cad-engineer-at-nvidia-4426004455?utm_source=techmap&utm_medium=csv&utm_campaign=github&utm_term=apply","2026-09-25"
"Palo Alto Networks","Cybersecurity","xl","Sr Staff Software Engineer (Credential Provider)","Engineer","תל אביב-יפו","https://il.linkedin.com/jobs/view/sr-staff-software-engineer-credential-provider-at-palo-alto-networks-4460764424?utm_source=techmap&utm_medium=csv&utm_campaign=github&utm_term=apply","2026-09-25"
"Palo Alto Networks","Cybersecurity","xl","Senior Software Engineer | Cortex Detection team","Engineer","תל אביב-יפו","https://il.linkedin.com/jobs/view/senior-software-engineer-cortex-detection-team-at-palo-alto-networks-4450451935?utm_source=techmap&utm_medium=csv&utm_campaign=github&utm_term=apply","2026-09-25"
"Nvidia","AI/ML","l","Software Engineering Manager, Networking Tools Team","Manager","תל אביב-יפו","https://il.linkedin.com/jobs/view/software-engineering-manager-networking-tools-team-at-nvidia-4453263696?utm_source=techmap&utm_medium=csv&utm_campaign=github&utm_term=apply","2026-09-25"
"Nvidia","AI/ML","l","Senior C++ Software Engineer","Engineer","תל אביב-יפו","https://il.linkedin.com/jobs/view/senior-c%2B%2B-software-engineer-at-nvidia-4453278549?utm_source=techmap&utm_medium=csv&utm_campaign=github&utm_term=apply","2026-09-25"
"KLA","Robotics & Automation","l","OMD Final Integration Engineer","Engineer","מגדל העמק","https://il.linkedin.com/jobs/view/omd-final-integration-engineer-at-kla-4441096576?utm_source=techmap&utm_medium=csv&utm_campaign=github&utm_term=apply","2026-09-25"
"Nvidia","AI/ML","l","Senior Performance Engineer","Engineer","יקנעם עילית","https://il.linkedin.com/jobs/view/senior-performance-engineer-at-nvidia-4443430663?utm_source=techmap&utm_medium=csv&utm_campaign=github&utm_term=apply","2026-09-25"
"KLA","Robotics & Automation","l","Integration Engineer","Engineer","מגדל העמק","https://il.linkedin.com/jobs/view/integration-engineer-at-kla-4460756530?utm_source=techmap&utm_medium=csv&utm_campaign=github&utm_term=apply","2026-09-25"
"Nvidia","AI/ML","l","Software Manager, ITPE","Manager","יקנעם עילית","https://il.linkedin.com/jobs/view/software-manager-itpe-at-nvidia-4395486241?utm_source=techmap&utm_medium=csv&utm_campaign=github&utm_term=apply","2026-09-25"
"Nvidia","AI/ML","l","Senior Software Architect, GPU Networking","Architect","תל אביב-יפו","https://il.linkedin.com/jobs/view/senior-software-architect-gpu-networking-at-nvidia-4461926533?utm_source=techmap&utm_medium=csv&utm_campaign=github&utm_term=apply","2026-09-25"
"Nvidia","AI/ML","l","Physical Layer Architecture Engineer","Architect","תל אביב-יפו","https://il.linkedin.com/jobs/view/physical-layer-architecture-engineer-at-nvidia-4442913441?utm_source=techmap&utm_medium=csv&utm_campaign=github&utm_term=apply","2026-09-25"
"Nvidia","AI/ML","l","Software Performance Engineer","Engineer","יקנעם עילית","https://il.linkedin.com/jobs/view/software-performance-engineer-at-nvidia-4461923595?utm_source=techmap&utm_medium=csv&utm_campaign=github&utm_term=apply","2026-09-25"
"Nvidia","AI/ML","l","Senior RDMA and Networking Architect","Architect","תל אביב-יפו","https://il.linkedin.com/jobs/view/senior-rdma-and-networking-architect-at-nvidia-4461937428?utm_source=techmap&utm_medium=csv&utm_campaign=github&utm_term=apply","2026-09-25"
"KLA","Robotics & Automation","l","Senior Software Engineer","Engineer","מגדל העמק","https://il.linkedin.com/jobs/view/senior-software-engineer-at-kla-4450820092?utm_source=techmap&utm_medium=csv&utm_campaign=github&utm_term=apply","2026-09-25"
"BIRD Aerosystems","Aerospace","m","System Engineer -EO& RADAR","Engineer","הרצליה","https://www.comeet.com/jobs/birdaero/97.006/system-engineer--eo-radar/B1.667?utm_source=techmap&utm_medium=csv&utm_campaign=github&utm_term=apply","2026-09-24"
"Rise","Productivity","m","Back End Developer","Engineer","רמת השרון","https://il.linkedin.com/jobs/view/back-end-developer-at-rise-4471408833?utm_source=techmap&utm_medium=csv&utm_campaign=github&utm_term=apply","2026-09-24"
"Aidoc","Health","l","Senior Full Stack Engineer","Engineer","תל אביב-יפו","https://il.linkedin.com/jobs/view/senior-full-stack-engineer-at-aidoc-4426301811?utm_source=techmap&utm_medium=csv&utm_campaign=github&utm_term=apply","2026-09-24"
"DustPhotonics","Semiconductors","m","Test Engineering and Operations Manager","Manager","מודיעין מכבים רעות","https://il.linkedin.com/jobs/view/test-engineering-and-operations-manager-at-dustphotonics-4469786038?utm_source=techmap&utm_medium=csv&utm_campaign=github&utm_term=apply","2026-09-24"
"Prisma Photonics","IoT","m","Senior Backend Engineer","Engineer","תל אביב-יפו","https://il.linkedin.com/jobs/view/senior-backend-engineer-at-prisma-photonics-4469757969?utm_source=techmap&utm_medium=csv&utm_campaign=github&utm_term=apply","2026-09-24"
"Harmonic","Digital Media","m","Junior C++ Engineer","Engineer","קיסריה","https://il.linkedin.com/jobs/view/junior-c%2B%2B-engineer-at-harmonic-4434176305?utm_source=techmap&utm_medium=csv&utm_campaign=github&utm_term=apply","2026-09-24"
"Commtact","Telecommunications","m","Embedded Software Engineer","Engineer","אשדוד","https://il.linkedin.com/jobs/view/embedded-software-engineer-at-commtact-ltd-4471482551?utm_source=techmap&utm_medium=csv&utm_campaign=github&utm_term=apply","2026-09-24"
"torq","Cybersecurity","m","Production Operations Engineer","Engineer","תל אביב-יפו","https://il.linkedin.com/jobs/view/production-operations-engineer-at-torq-4461302313?utm_source=techmap&utm_medium=csv&utm_campaign=github&utm_term=apply","2026-09-24"
"Play Perfect","Digital Media","m","Senior Backend Developer","Engineer","תל אביב-יפו","https://il.linkedin.com/jobs/view/senior-backend-developer-at-play-perfect-4469713806?utm_source=techmap&utm_medium=csv&utm_campaign=github&utm_term=apply","2026-09-24"
"Tipalti","Fintech","l","IT Engineer","Engineer","תל אביב-יפו","https://il.linkedin.com/jobs/view/it-engineer-at-tipalti-4466780981?utm_source=techmap&utm_medium=csv&utm_campaign=github&utm_term=apply","2026-09-24"
"AppDome","Cybersecurity","m","Software Engineer (Identity & Reputation)","Engineer","תל אביב-יפו","https://il.linkedin.com/jobs/view/software-engineer-identity-reputation-at-appdome-4450107856?utm_source=techmap&utm_medium=csv&utm_campaign=github&utm_term=apply","2026-09-24"
"Akamai Technologies","Cloud Computing","l","Senior Software Engineer Lead","Manager","תל אביב-יפו","https://il.linkedin.com/jobs/view/senior-software-engineer-lead-at-akamai-technologies-4452467262?utm_source=techmap&utm_medium=csv&utm_campaign=github&utm_term=apply","2026-09-24"
"Weka","Productivity","l","Senior Software Engineer, Filesystem","Engineer","תל אביב","https://il.linkedin.com/jobs/view/senior-software-engineer-filesystem-at-weka-4319033603?utm_source=techmap&utm_medium=csv&utm_campaign=github&utm_term=apply","2026-09-24"
"CONTROP Precision Technologies","Aerospace","l","System Engineer","Engineer","הוד השרון","https://il.linkedin.com/jobs/view/system-engineer-at-controp-precision-technologies-ltd-4466860999?utm_source=techmap&utm_medium=csv&utm_campaign=github&utm_term=apply","2026-09-24"
"Majestic Labs","Cloud Computing","xs","Power Delivery & Integrity Engineer - Israel","Engineer","תל אביב-יפו","https://il.linkedin.com/jobs/view/power-delivery-integrity-engineer-israel-at-majestic-labs-ai-4469681043?utm_source=techmap&utm_medium=csv&utm_campaign=github&utm_term=apply","2026-09-24"
"Majestic Labs","Cloud Computing","xs","Signal Integrity & Power Integrity Engineer - Israel","Engineer","תל אביב-יפו","https://il.linkedin.com/jobs/view/signal-integrity-power-integrity-engineer-israel-at-majestic-labs-ai-4469674245?utm_source=techmap&utm_medium=csv&utm_campaign=github&utm_term=apply","2026-09-24"
"Radware","Cybersecurity","l","Incident Response Network Engineer","Engineer","תל אביב-יפו","https://il.linkedin.com/jobs/view/incident-response-network-engineer-at-radware-4469389723?utm_source=techmap&utm_medium=csv&utm_campaign=github&utm_term=apply","2026-09-24"
"Rafael Advanced Defense Systems","Aerospace","l","Field-Programmable Gate Arrays Engineer","Engineer","חיפה","https://il.linkedin.com/jobs/view/field-programmable-gate-arrays-engineer-at-rafael-advanced-defense-systems-4425466693?utm_source=techmap&utm_medium=csv&utm_campaign=github&utm_term=apply","2026-09-24"
"Rafael Advanced Defense Systems","Aerospace","l","PLC & OT Engineer","Engineer","חיפה","https://il.linkedin.com/jobs/view/plc-ot-engineer-at-rafael-advanced-defense-systems-4471408804?utm_source=techmap&utm_medium=csv&utm_campaign=github&utm_term=apply","2026-09-24"
"Qualcomm","Telecommunications","l","Algorythm Engineer, Senior  - Hod Hasharon","Engineer","טירת כרמל","https://il.linkedin.com/jobs/view/algorythm-engineer-senior-hod-hasharon-at-qualcomm-4469687293?utm_source=techmap&utm_medium=csv&utm_campaign=github&utm_term=apply","2026-09-24"
"Vetric Technology","Productivity","xs","R&D Director","Executive","תל אביב-יפו","https://il.linkedin.com/jobs/view/r-d-director-at-vetric-4469691303?utm_source=techmap&utm_medium=csv&utm_campaign=github&utm_term=apply","2026-09-24"
"Cato Networks","Cybersecurity","l","Senior Software Engineer","Engineer","בני ברק","https://il.linkedin.com/jobs/view/senior-software-engineer-at-cato-networks-4441520093?utm_source=techmap&utm_medium=csv&utm_campaign=github&utm_term=apply","2026-09-24"
"Spectrum Dynamics Medical","Health","m","Lead System Engineer, R&D","Engineer","קיסריה","https://il.linkedin.com/jobs/view/lead-system-engineer-r-d-at-spectrum-dynamics-medical-4469714018?utm_source=techmap&utm_medium=csv&utm_campaign=github&utm_term=apply","2026-09-24"
"Cisco Systems","Telecommunications","l","ASIC Engineer","Engineer","נתניה","https://il.linkedin.com/jobs/view/asic-engineer-at-cisco-4444483046?utm_source=techmap&utm_medium=csv&utm_campaign=github&utm_term=apply","2026-09-24"
"Rafael Advanced Defense Systems","Aerospace","l","System Software Engineer","Engineer","חיפה","https://il.linkedin.com/jobs/view/system-software-engineer-at-rafael-advanced-defense-systems-4471427217?utm_source=techmap&utm_medium=csv&utm_campaign=github&utm_term=apply","2026-09-24"
"Arad","Sustainable Technology","m","Senior Hybrid DBA","Engineer","יוקנעם עילית","https://il.linkedin.com/jobs/view/senior-hybrid-dba-at-arad-technologies-4470009640?utm_source=techmap&utm_medium=csv&utm_campaign=github&utm_term=apply","2026-09-24"
"SimilarWeb","Productivity","l","Principal Tech Lead (Backend oriented)","Tech Lead","גבעתיים","https://il.linkedin.com/jobs/view/principal-tech-lead-backend-oriented-at-similarweb-4432356971?utm_source=techmap&utm_medium=csv&utm_campaign=github&utm_term=apply","2026-09-24"
"Qualcomm","Telecommunications","l","Algorythm Engineer - Hod Hasharon","Engineer","טירת כרמל","https://il.linkedin.com/jobs/view/algorythm-engineer-hod-hasharon-at-qualcomm-4469680426?utm_source=techmap&utm_medium=csv&utm_campaign=github&utm_term=apply","2026-09-24"
"Buildots","Robotics & Automation","l","Senior Full Stack Engineer","Engineer","תל אביב-יפו","https://il.linkedin.com/jobs/view/senior-full-stack-engineer-at-buildots-4469753579?utm_source=techmap&utm_medium=csv&utm_campaign=github&utm_term=apply","2026-09-24"
"Elbit Systems","Aerospace","l","System Integration Engineer","Engineer","חיפה","https://il.linkedin.com/jobs/view/system-integration-engineer-at-elbit-systems-israel-4469716514?utm_source=techmap&utm_medium=csv&utm_campaign=github&utm_term=apply","2026-09-24"
"Qualcomm","Telecommunications","l","Senior Engineer - Modeling Team - Hod HaSharon","Engineer","טירת כרמל","https://il.linkedin.com/jobs/view/senior-engineer-modeling-team-hod-hasharon-at-qualcomm-4434128079?utm_source=techmap&utm_medium=csv&utm_campaign=github&utm_term=apply","2026-09-24"
"Elbit Systems","Aerospace","l","Process Engineer","Engineer","חיפה","https://il.linkedin.com/jobs/view/process-engineer-at-elbit-systems-israel-4421590651?utm_source=techmap&utm_medium=csv&utm_campaign=github&utm_term=apply","2026-09-24"
"Rafael Advanced Defense Systems","Aerospace","l","Senior BSP Software Engineer","Engineer","חיפה","https://il.linkedin.com/jobs/view/senior-bsp-software-engineer-at-rafael-advanced-defense-systems-4471409749?utm_source=techmap&utm_medium=csv&utm_campaign=github&utm_term=apply","2026-09-24"
"Palo Alto Networks","Cybersecurity","xl","Manager Software Engineering - Data Security (Cortex)","Manager","תל אביב-יפו","https://il.linkedin.com/jobs/view/manager-software-engineering-data-security-cortex-at-palo-alto-networks-4469707988?utm_source=techmap&utm_medium=csv&utm_campaign=github&utm_term=apply","2026-09-24"
"Palo Alto Networks","Cybersecurity","xl","Principal Engineer Software- Backend Infra (Cortex)","Engineer","תל אביב-יפו","https://il.linkedin.com/jobs/view/principal-engineer-software-backend-infra-cortex-at-palo-alto-networks-4469753691?utm_source=techmap&utm_medium=csv&utm_campaign=github&utm_term=apply","2026-09-24"
"Nvidia","AI/ML","l","Senior Solution Architect, Networking Solutions Labs","Architect","יקנעם עילית","https://il.linkedin.com/jobs/view/senior-solution-architect-networking-solutions-labs-at-nvidia-4395490104?utm_source=techmap&utm_medium=csv&utm_campaign=github&utm_term=apply","2026-09-24"
"Nvidia","AI/ML","l","Networking Software Architect","Architect","תל אביב-יפו","https://il.linkedin.com/jobs/view/networking-software-architect-at-nvidia-4461343988?utm_source=techmap&utm_medium=csv&utm_campaign=github&utm_term=apply","2026-09-24"
"Nvidia","AI/ML","l","Software Solution Architect, NVIS","Architect","תל אביב-יפו","https://il.linkedin.com/jobs/view/software-solution-architect-nvis-at-nvidia-4469617577?utm_source=techmap&utm_medium=csv&utm_campaign=github&utm_term=apply","2026-09-24"
"Google","Digital Media","xl","Software Engineer II, Google Notification Platform","Engineer","תל אביב-יפו","https://il.linkedin.com/jobs/view/software-engineer-ii-google-notification-platform-at-google-4469325771?utm_source=techmap&utm_medium=csv&utm_campaign=github&utm_term=apply","2026-09-23"
"Essence Security","Cybersecurity","l","Embedded Software Team Lead- AI-Driven Engineering","Manager","הרצליה","https://il.linkedin.com/jobs/view/embedded-software-team-lead-ai-driven-engineering-at-essence-group-4469304704?utm_source=techmap&utm_medium=csv&utm_campaign=github&utm_term=apply","2026-09-23"
"Beewise","Robotics & Automation","m","Head of System Engineering","Executive","בית העמק","https://il.linkedin.com/jobs/view/head-of-system-engineering-at-beewise-4468986733?utm_source=techmap&utm_medium=csv&utm_campaign=github&utm_term=apply","2026-09-23"
"Pendo","Productivity","l","CONTRACTOR: Forward Deployed Engineer, Pendo Predict","Engineer","הרצליה","https://il.linkedin.com/jobs/view/contractor-forward-deployed-engineer-pendo-predict-at-pendo-io-4471139694?utm_source=techmap&utm_medium=csv&utm_campaign=github&utm_term=apply","2026-09-23"
"Novelrad","Health","s","R&D Technician / Integrator","Engineer","מצר","https://il.linkedin.com/jobs/view/r-d-technician-integrator-at-novelrad-4468995993?utm_source=techmap&utm_medium=csv&utm_campaign=github&utm_term=apply","2026-09-23"
"Exodigo","Robotics & Automation","m","Engineering Map Lead","Manager","תל אביב-יפו","https://il.linkedin.com/jobs/view/engineering-map-lead-at-exodigo-4470926815?utm_source=techmap&utm_medium=csv&utm_campaign=github&utm_term=apply","2026-09-23"
"Cato Networks","Cybersecurity","l","Software Engineer, Lakehouse (Data Platform Group)","Engineer","בני ברק","https://il.linkedin.com/jobs/view/software-engineer-lakehouse-data-platform-group-at-cato-networks-4452067417?utm_source=techmap&utm_medium=csv&utm_campaign=github&utm_term=apply","2026-09-23"
"Arbe","Automotive","m","Embedded System Software Engineer","Engineer","תל אביב-יפו","https://il.linkedin.com/jobs/view/embedded-system-software-engineer-at-arbe-4468995866?utm_source=techmap&utm_medium=csv&utm_campaign=github&utm_term=apply","2026-09-23"
"UVeye","Robotics & Automation","m","Senior Full Stack Developer","Engineer","תל אביב-יפו","https://il.linkedin.com/jobs/view/senior-full-stack-developer-at-uveye-4470920339?utm_source=techmap&utm_medium=csv&utm_campaign=github&utm_term=apply","2026-09-23"
"IRP Systems","Productivity","m","Embedded Software Engineer","Engineer","נס ציונה","https://il.linkedin.com/jobs/view/embedded-software%C2%A0engineer-at-irp-systems-4470995120?utm_source=techmap&utm_medium=csv&utm_campaign=github&utm_term=apply","2026-09-23"
"Parallel Wireless","Telecommunications","l","AI-Driven 4G PHY SW Tech Lead","Tech Lead","צור יגאל","https://il.linkedin.com/jobs/view/ai-driven-4g-phy-sw-tech-lead-at-parallel-wireless-4469451393?utm_source=techmap&utm_medium=csv&utm_campaign=github&utm_term=apply","2026-09-23"
"Intel","Semiconductors","l","Process Integration/Yield Engineer","Engineer","קרית גת","https://il.linkedin.com/jobs/view/process-integration-yield-engineer-at-intel-4469458352?utm_source=techmap&utm_medium=csv&utm_campaign=github&utm_term=apply","2026-09-23"
"Tipalti","Fintech","l","Senior Software Engineer","Engineer","תל אביב-יפו","https://il.linkedin.com/jobs/view/senior-software-engineer-at-tipalti-4469318663?utm_source=techmap&utm_medium=csv&utm_campaign=github&utm_term=apply","2026-09-23"
"Pointfive","Productivity","s","Staff Backend Engineer","Engineer","תל אביב-יפו","https://il.linkedin.com/jobs/view/staff-backend-engineer-at-pointfive-4470930006?utm_source=techmap&utm_medium=csv&utm_campaign=github&utm_term=apply","2026-09-23"
"Cato Networks","Cybersecurity","l","Software Team Leader (C)","Manager","בני ברק","https://il.linkedin.com/jobs/view/software-team-leader-c-at-cato-networks-4312410421?utm_source=techmap&utm_medium=csv&utm_campaign=github&utm_term=apply","2026-09-23"
"Payoneer Global","Fintech","l","Senior Software Engineer (AI Fluent)","Engineer","פתח תקווה","https://il.linkedin.com/jobs/view/senior-software-engineer-ai-fluent-at-payoneer-4449648811?utm_source=techmap&utm_medium=csv&utm_campaign=github&utm_term=apply","2026-09-23"
"JFrog","Cloud Computing","l","Developer Advocate","Engineer","נתניה","https://il.linkedin.com/jobs/view/developer-advocate-at-jfrog-4451916705?utm_source=techmap&utm_medium=csv&utm_campaign=github&utm_term=apply","2026-09-23"
"Nvidia","AI/ML","l","Senior Engineering Vendor Manager","Manager","יקנעם עילית","https://il.linkedin.com/jobs/view/senior-engineering-vendor-manager-at-nvidia-4469078244?utm_source=techmap&utm_medium=csv&utm_campaign=github&utm_term=apply","2026-09-23"
"Camtek","Semiconductors","l","Computer System Engineer","Engineer","מגדל העמק","https://il.linkedin.com/jobs/view/computer-system-engineer-at-camtek-4432772061?utm_source=techmap&utm_medium=csv&utm_campaign=github&utm_term=apply","2026-09-23"
"Medtronic","Health","l","Senior Process Engineer","Engineer","הרצליה","https://il.linkedin.com/jobs/view/senior-process-engineer-at-medtronic-4470954489?utm_source=techmap&utm_medium=csv&utm_campaign=github&utm_term=apply","2026-09-23"
"Mastercard","E-commerce & Retail","s","Lead Software Engineer (Backend & AI)","Engineer","רמת גן","https://il.linkedin.com/jobs/view/lead-software-engineer-backend-ai-at-mastercard-4440192298?utm_source=techmap&utm_medium=csv&utm_campaign=github&utm_term=apply","2026-09-23"
"Cisco Systems","Telecommunications","l","Software Engineer","Engineer","נתניה","https://il.linkedin.com/jobs/view/software-engineer-at-cisco-4470967486?utm_source=techmap&utm_medium=csv&utm_campaign=github&utm_term=apply","2026-09-23"
"Nvidia","AI/ML","l","Senior Manager, Engineering Vendor Management","Manager","יקנעם עילית","https://il.linkedin.com/jobs/view/senior-manager-engineering-vendor-management-at-nvidia-4469066659?utm_source=techmap&utm_medium=csv&utm_campaign=github&utm_term=apply","2026-09-23"
"Mastercard","E-commerce & Retail","s","Manager, Software Engineering","Manager","רמת גן","https://il.linkedin.com/jobs/view/manager-software-engineering-at-mastercard-4440193268?utm_source=techmap&utm_medium=csv&utm_campaign=github&utm_term=apply","2026-09-23"
"Cisco Systems","Telecommunications","l","Senior Software Architect & Technical Leader","Tech Lead","נתניה","https://il.linkedin.com/jobs/view/senior-software-architect-technical-leader-at-cisco-4452672909?utm_source=techmap&utm_medium=csv&utm_campaign=github&utm_term=apply","2026-09-23"
"Palo Alto Networks","Cybersecurity","xl","Sr Software Engineer -Email Security (Cortex)","Engineer","תל אביב-יפו","https://il.linkedin.com/jobs/view/sr-software-engineer-email-security-cortex-at-palo-alto-networks-4432280414?utm_source=techmap&utm_medium=csv&utm_campaign=github&utm_term=apply","2026-09-23"
"Google","Digital Media","xl","RTL Design Technical Lead, Networking, Google Cloud","Tech Lead","תל אביב-יפו","https://il.linkedin.com/jobs/view/rtl-design-technical-lead-networking-google-cloud-at-google-4469446062?utm_source=techmap&utm_medium=csv&utm_campaign=github&utm_term=apply","2026-09-23"
"Elbit Systems","Aerospace","l","Head of Engineering Technologies","Executive","חיפה","https://il.linkedin.com/jobs/view/head-of-engineering-technologies-at-elbit-systems-israel-4449872131?utm_source=techmap&utm_medium=csv&utm_campaign=github&utm_term=apply","2026-09-23"
"Palo Alto Networks","Cybersecurity","xl","Senior Staff Software Engineer (Secure Agentic AI)","Engineer","תל אביב-יפו","https://il.linkedin.com/jobs/view/senior-staff-software-engineer-secure-agentic-ai-at-palo-alto-networks-4421587652?utm_source=techmap&utm_medium=csv&utm_campaign=github&utm_term=apply","2026-09-23"
"Palo Alto Networks","Cybersecurity","xl","R&D Manager - C++ (EPM)","Manager","תל אביב-יפו","https://il.linkedin.com/jobs/view/r-d-manager-c%2B%2B-epm-at-palo-alto-networks-4419278997?utm_source=techmap&utm_medium=csv&utm_campaign=github&utm_term=apply","2026-09-23"
"Mobileye","Automotive","l","Experienced Software Linux Integration Engineer - OS team","Engineer","ירושלים","https://il.linkedin.com/jobs/view/experienced-software-linux-integration-engineer-os-team-at-mobileye-4460604278?utm_source=techmap&utm_medium=csv&utm_campaign=github&utm_term=apply","2026-09-23"
"DRS RADA Technologies","Aerospace","l","Manufacturing Engineering Manager","Manager","נתניה","https://il.linkedin.com/jobs/view/manufacturing-engineering-manager-at-drs-rada-technologies-4470926491?utm_source=techmap&utm_medium=csv&utm_campaign=github&utm_term=apply","2026-09-23"
"Palo Alto Networks","Cybersecurity","xl","Sr/Principal Engineer Software (AI transformation - QA)","Engineer","תל אביב-יפו","https://il.linkedin.com/jobs/view/sr-principal-engineer-software-ai-transformation-qa-at-palo-alto-networks-4468985922?utm_source=techmap&utm_medium=csv&utm_campaign=github&utm_term=apply","2026-09-23"
"Nvidia","AI/ML","l","Senior Network Engineer - Deployments","Engineer","יקנעם עילית","https://il.linkedin.com/jobs/view/senior-network-engineer-deployments-at-nvidia-4460677421?utm_source=techmap&utm_medium=csv&utm_campaign=github&utm_term=apply","2026-09-23"
"Nvidia","AI/ML","l","Software and System Architect","Architect","תל אביב-יפו","https://il.linkedin.com/jobs/view/software-and-system-architect-at-nvidia-4451974469?utm_source=techmap&utm_medium=csv&utm_campaign=github&utm_term=apply","2026-09-23"
"Nvidia","AI/ML","l","Senior Software Infra Architect","Architect","תל אביב-יפו","https://il.linkedin.com/jobs/view/senior-software-infra-architect-at-nvidia-4442257191?utm_source=techmap&utm_medium=csv&utm_campaign=github&utm_term=apply","2026-09-23"
"KLA","Robotics & Automation","l","R&D Software Engineer","Engineer","מגדל העמק","https://il.linkedin.com/jobs/view/r-d-software-engineer-at-kla-4459540292?utm_source=techmap&utm_medium=csv&utm_campaign=github&utm_term=apply","2026-09-23"
"LightBits Labs","Cloud Computing","m","Senior Inference Systems Engineer","Engineer","כפר סבא","https://il.linkedin.com/jobs/view/senior-inference-systems-engineer-at-lightbits-labs-4464706395?utm_source=techmap&utm_medium=csv&utm_campaign=github&utm_term=apply","2026-09-22"
"WorldQuant","Fintech","xl","Senior C++ Software Engineer","Engineer","רמת גן","https://il.linkedin.com/jobs/view/senior-c%2B%2B-software-engineer-at-worldquant-4470457629?utm_source=techmap&utm_medium=csv&utm_campaign=github&utm_term=apply","2026-09-22"
"KELA","Cybersecurity","xs","Full stack Team Lead","Manager","תל אביב-יפו","https://il.linkedin.com/jobs/view/full-stack-team-lead-at-kela-cyber-threat-intelligence-4470424268?utm_source=techmap&utm_medium=csv&utm_campaign=github&utm_term=apply","2026-09-22"
"CONTROP Precision Technologies","Aerospace","l","Field Engineer","Engineer","הוד השרון","https://il.linkedin.com/jobs/view/field-engineer-at-controp-precision-technologies-ltd-4468549092?utm_source=techmap&utm_medium=csv&utm_campaign=github&utm_term=apply","2026-09-22"
"Navan","E-commerce & Retail","l","Director, Engineering","Executive","תל אביב-יפו","https://il.linkedin.com/jobs/view/director-engineering-at-navan-4461567931?utm_source=techmap&utm_medium=csv&utm_campaign=github&utm_term=apply","2026-09-22"
"Voyantis","AdTech","m","AI-native Software Engineer","Engineer","תל אביב-יפו","https://il.linkedin.com/jobs/view/ai-native-software-engineer-at-voyantis-4468906279?utm_source=techmap&utm_medium=csv&utm_campaign=github&utm_term=apply","2026-09-22"
"Edwards Lifesciences","Health","xl","R&D Clinical Development Engineer (Temporary Position)","Engineer","קיסריה","https://il.linkedin.com/jobs/view/r-d-clinical-development-engineer-temporary-position-at-edwards-lifesciences-4468901971?utm_source=techmap&utm_medium=csv&utm_campaign=github&utm_term=apply","2026-09-22"
"SalesForce","AI/ML","l","Senior/Lead Backend Software Engineer","Manager","תל אביב-יפו","https://il.linkedin.com/jobs/view/senior-lead-backend-software-engineer-at-salesforce-4414695272?utm_source=techmap&utm_medium=csv&utm_campaign=github&utm_term=apply","2026-09-22"
"Qualcomm","Telecommunications","l","AI Software Embedded Engineer - Hod Hasharon","Engineer","טירת כרמל","https://il.linkedin.com/jobs/view/ai-software-embedded-engineer-hod-hasharon-at-qualcomm-4460021500?utm_source=techmap&utm_medium=csv&utm_campaign=github&utm_term=apply","2026-09-22"
"Varonis Systems","Cybersecurity","l","Senior Infra Software Engineer","Engineer","הרצליה","https://il.linkedin.com/jobs/view/senior-infra-software-engineer-at-varonis-4470447270?utm_source=techmap&utm_medium=csv&utm_campaign=github&utm_term=apply","2026-09-22"
"Transmit Security","Cybersecurity","l","Engineering Team Lead","Manager","תל אביב-יפו","https://il.linkedin.com/jobs/view/engineering-team-lead-at-transmit-security-4293466731?utm_source=techmap&utm_medium=csv&utm_campaign=github&utm_term=apply","2026-09-22"
"Pointfive","Productivity","s","Senior Software Engineer - Endpoint","Engineer","תל אביב-יפו","https://il.linkedin.com/jobs/view/senior-software-engineer-endpoint-at-pointfive-4470464828?utm_source=techmap&utm_medium=csv&utm_campaign=github&utm_term=apply","2026-09-22"
"Pointfive","Productivity","s","Backend Tech Lead","Tech Lead","תל אביב-יפו","https://il.linkedin.com/jobs/view/backend-tech-lead-at-pointfive-4470413196?utm_source=techmap&utm_medium=csv&utm_campaign=github&utm_term=apply","2026-09-22"
"Cisco Systems","Telecommunications","l","Senior C++ Software Engineer","Engineer","נתניה","https://il.linkedin.com/jobs/view/senior-c%2B%2B-software-engineer-at-cisco-4414943776?utm_source=techmap&utm_medium=csv&utm_campaign=github&utm_term=apply","2026-09-22"
"Fiverr","Productivity","l","Development Team Leader","Manager","תל אביב-יפו","https://il.linkedin.com/jobs/view/development-team-leader-at-fiverr-4433644983?utm_source=techmap&utm_medium=csv&utm_campaign=github&utm_term=apply","2026-09-22"
"Qualcomm","Telecommunications","l","Architecture Engineer, Senior Staff - Hod HaSharon","Architect","טירת כרמל","https://il.linkedin.com/jobs/view/architecture-engineer-senior-staff-hod-hasharon-at-qualcomm-4442074703?utm_source=techmap&utm_medium=csv&utm_campaign=github&utm_term=apply","2026-09-22"
"Buildots","Robotics & Automation","l","Senior Backend Engineer","Engineer","תל אביב-יפו","https://il.linkedin.com/jobs/view/senior-backend-engineer-at-buildots-4455895146?utm_source=techmap&utm_medium=csv&utm_campaign=github&utm_term=apply","2026-09-22"
"Nvidia","AI/ML","l","Senior C++ Software Engineer – AI Developer Tools","Engineer","תל אביב-יפו","https://il.linkedin.com/jobs/view/senior-c%2B%2B-software-engineer-%E2%80%93-ai-developer-tools-at-nvidia-4468771528?utm_source=techmap&utm_medium=csv&utm_campaign=github&utm_term=apply","2026-09-22"
"Nvidia","AI/ML","l","Senior RTL Integration Engineer","Engineer","תל אביב-יפו","https://il.linkedin.com/jobs/view/senior-rtl-integration-engineer-at-nvidia-4414767845?utm_source=techmap&utm_medium=csv&utm_campaign=github&utm_term=apply","2026-09-22"
"KLA","Robotics & Automation","l","R&D Motion Control Engineer","Engineer","מגדל העמק","https://il.linkedin.com/jobs/view/r-d-motion-control-engineer-at-kla-4449536952?utm_source=techmap&utm_medium=csv&utm_campaign=github&utm_term=apply","2026-09-22"
"Palo Alto Networks","Cybersecurity","xl","Sr Principal Software Architect (Idira, Secrets Manager)","Architect","תל אביב-יפו","https://il.linkedin.com/jobs/view/sr-principal-software-architect-idira-secrets-manager-at-palo-alto-networks-4468927594?utm_source=techmap&utm_medium=csv&utm_campaign=github&utm_term=apply","2026-09-22"
"Elbit Systems","Aerospace","l","Navigation Engineer","Engineer","חיפה","https://il.linkedin.com/jobs/view/navigation-engineer-at-elbit-systems-israel-4431040475?utm_source=techmap&utm_medium=csv&utm_campaign=github&utm_term=apply","2026-09-22"
"Palo Alto Networks","Cybersecurity","xl","Principal/Senior Principal Software Engineer Data Platform ( Cortex)","Engineer","תל אביב-יפו","https://il.linkedin.com/jobs/view/principal-senior-principal-software-engineer-data-platform-cortex-at-palo-alto-networks-4449519555?utm_source=techmap&utm_medium=csv&utm_campaign=github&utm_term=apply","2026-09-22"
"Israel Aerospace Industries","Aerospace","l","Component Engineer","Engineer","אשדוד","https://il.linkedin.com/jobs/view/component-engineer-at-iai-israel-aerospace-industries-4468511615?utm_source=techmap&utm_medium=csv&utm_campaign=github&utm_term=apply","2026-09-22"
"ICL","Sustainable Technology","l","Research And Development Engineer","Engineer","באר שבע","https://il.linkedin.com/jobs/view/research-and-development-engineer-at-icl-group-4468505712?utm_source=techmap&utm_medium=csv&utm_campaign=github&utm_term=apply","2026-09-22"
"Nvidia","AI/ML","l","DPU Performance Validation Engineer","Engineer","תל אביב-יפו","https://il.linkedin.com/jobs/view/dpu-performance-validation-engineer-at-nvidia-4460095315?utm_source=techmap&utm_medium=csv&utm_campaign=github&utm_term=apply","2026-09-22"
"Nvidia","AI/ML","l","Senior Software Engineer - NIC and Switch Simulation","Engineer","יקנעם עילית","https://il.linkedin.com/jobs/view/senior-software-engineer-nic-and-switch-simulation-at-nvidia-4424624463?utm_source=techmap&utm_medium=csv&utm_campaign=github&utm_term=apply","2026-09-22"
"ScyllaDB","Cloud Computing","l","Cloud Software Engineer (AI-Powered / End-to-End)","Engineer","הרצליה","https://www.comeet.com/jobs/scylladb/E4.006/cloud-software-engineer-ai-powered--end-to-end/FC.078-75.10C?utm_source=techmap&utm_medium=csv&utm_campaign=github&utm_term=apply","2026-09-21"
"Melio","Fintech","l","Engineering Manager, AP","Manager","תל אביב-יפו","https://il.linkedin.com/jobs/view/engineering-manager-ap-at-melio-4450957076?utm_source=techmap&utm_medium=csv&utm_campaign=github&utm_term=apply","2026-09-21"
"Datadog","Cloud Computing","xl","Director, Engineering","Executive","תל אביב-יפו","https://il.linkedin.com/jobs/view/director-engineering-at-datadog-4469877098?utm_source=techmap&utm_medium=csv&utm_campaign=github&utm_term=apply","2026-09-21"
"Motorola Solutions","Telecommunications","xl","Software Embedded & BSP Engineer","Engineer","תל אביב-יפו","https://il.linkedin.com/jobs/view/software-embedded-bsp-engineer-at-motorola-solutions-4461089732?utm_source=techmap&utm_medium=csv&utm_campaign=github&utm_term=apply","2026-09-21"
"Transmit Security","Cybersecurity","l","Senior Full Stack Engineer","Engineer","תל אביב-יפו","https://il.linkedin.com/jobs/view/senior-full-stack-engineer-at-transmit-security-4096057982?utm_source=techmap&utm_medium=csv&utm_campaign=github&utm_term=apply","2026-09-21"
"Forter","Fintech","l","Senior Engineering Manager, Decision Engineering","Manager","תל אביב-יפו","https://il.linkedin.com/jobs/view/senior-engineering-manager-decision-engineering-at-forter-4451343773?utm_source=techmap&utm_medium=csv&utm_campaign=github&utm_term=apply","2026-09-21"
"Cato Networks","Cybersecurity","l","Software Engineer – RBI","Engineer","בני ברק","https://il.linkedin.com/jobs/view/software-engineer-%E2%80%93-rbi-at-cato-networks-4431036644?utm_source=techmap&utm_medium=csv&utm_campaign=github&utm_term=apply","2026-09-21"
"Gong.io","AI/ML","l","Developer Experience (DevEx) Team Lead","Manager","רמת גן","https://il.linkedin.com/jobs/view/developer-experience-devex-team-lead-at-gong-4461008897?utm_source=techmap&utm_medium=csv&utm_campaign=github&utm_term=apply","2026-09-21"
"Nvidia","AI/ML","l","Senior Software Engineer - Python & C++","Engineer","יקנעם עילית","https://il.linkedin.com/jobs/view/senior-software-engineer-python-c%2B%2B-at-nvidia-4450944696?utm_source=techmap&utm_medium=csv&utm_campaign=github&utm_term=apply","2026-09-21"
"Port","Productivity","m","Senior Full Stack Engineer","Engineer","תל אביב-יפו","https://il.linkedin.com/jobs/view/senior-full-stack-engineer-at-port-io-4374997542?utm_source=techmap&utm_medium=csv&utm_campaign=github&utm_term=apply","2026-09-21"
"Port","Productivity","m","Senior Backend Engineer","Engineer","תל אביב-יפו","https://il.linkedin.com/jobs/view/senior-backend-engineer-at-port-io-4443175475?utm_source=techmap&utm_medium=csv&utm_campaign=github&utm_term=apply","2026-09-21"
"Elbit Systems","Aerospace","l","EMI Engineer","Engineer","חיפה","https://il.linkedin.com/jobs/view/emi-engineer-at-elbit-systems-israel-4431096072?utm_source=techmap&utm_medium=csv&utm_campaign=github&utm_term=apply","2026-09-21"
"Palo Alto Networks","Cybersecurity","xl","Senior Staff Fullstack Engineer p-Cloud (Idira)","Engineer","תל אביב-יפו","https://il.linkedin.com/jobs/view/senior-staff-fullstack-engineer-p-cloud-idira-at-palo-alto-networks-4449511698?utm_source=techmap&utm_medium=csv&utm_campaign=github&utm_term=apply","2026-09-21"
"Elbit Systems","Aerospace","l","Servo Control Engineer","Engineer","חיפה","https://il.linkedin.com/jobs/view/servo-control-engineer-at-elbit-systems-israel-4383042044?utm_source=techmap&utm_medium=csv&utm_campaign=github&utm_term=apply","2026-09-21"
"Nvidia","AI/ML","l","Senior LLM Agents Architect","Architect","יקנעם עילית","https://il.linkedin.com/jobs/view/senior-llm-agents-architect-at-nvidia-4450941790?utm_source=techmap&utm_medium=csv&utm_campaign=github&utm_term=apply","2026-09-21"
"Nvidia","AI/ML","l","IC Digital Test Engineer","Engineer","יקנעם עילית","https://il.linkedin.com/jobs/view/ic-digital-test-engineer-at-nvidia-4459744883?utm_source=techmap&utm_medium=csv&utm_campaign=github&utm_term=apply","2026-09-21"
"KLA","Robotics & Automation","l","Algorithm Developers Tech Lead","Tech Lead","מגדל העמק","https://il.linkedin.com/jobs/view/algorithm-developers-tech-lead-at-kla-4439692031?utm_source=techmap&utm_medium=csv&utm_campaign=github&utm_term=apply","2026-09-21"
"KLA","Robotics & Automation","l","SW Tech Lead","Tech Lead","מגדל העמק","https://il.linkedin.com/jobs/view/sw-tech-lead-at-kla-4431031369?utm_source=techmap&utm_medium=csv&utm_campaign=github&utm_term=apply","2026-09-21"
"Shield.","Fintech","m","Senior Software Engineer","Engineer","מרחביה (קיבוץ)","https://il.linkedin.com/jobs/view/senior-software-engineer-at-shield-4469582795?utm_source=techmap&utm_medium=csv&utm_campaign=github&utm_term=apply","2026-09-20"
"Weka","Productivity","l","Senior Software Engineer, Control","Engineer","תל אביב","https://il.linkedin.com/jobs/view/senior-software-engineer-control-at-weka-4405646663?utm_source=techmap&utm_medium=csv&utm_campaign=github&utm_term=apply","2026-09-20"
"Navina Technologies","Health","m","IT Engineer","Engineer","תל אביב-יפו","https://il.linkedin.com/jobs/view/it-engineer-at-navina-4458827846?utm_source=techmap&utm_medium=csv&utm_campaign=github&utm_term=apply","2026-09-20"
"Aidoc","Health","l","AI Software Tech Lead, ML","Tech Lead","תל אביב-יפו","https://il.linkedin.com/jobs/view/ai-software-tech-lead-ml-at-aidoc-4469578918?utm_source=techmap&utm_medium=csv&utm_campaign=github&utm_term=apply","2026-09-20"
"Intel","Semiconductors","l","Experienced Security Software development Engineer","Engineer","חיפה","https://il.linkedin.com/jobs/view/experienced-security-software-development-engineer-at-intel-4424395882?utm_source=techmap&utm_medium=csv&utm_campaign=github&utm_term=apply","2026-09-20"
"Microsoft","Productivity","l","Software Engineering INTERN","Student","הרצליה","https://il.linkedin.com/jobs/view/software-engineering-intern-at-microsoft-4451071541?utm_source=techmap&utm_medium=csv&utm_campaign=github&utm_term=apply","2026-09-20"
"Netline","Cybersecurity","m","Embedded Software Engineer","Engineer","תל אביב-יפו","https://il.linkedin.com/jobs/view/embedded-software-engineer-at-netline-communications-technologies-nct-4469588392?utm_source=techmap&utm_medium=csv&utm_campaign=github&utm_term=apply","2026-09-20"
"Nvidia","AI/ML","l","Senior Performance Engineer - LLM Inference Frameworks","Engineer","יקנעם עילית","https://il.linkedin.com/jobs/view/senior-performance-engineer-llm-inference-frameworks-at-nvidia-4450947581?utm_source=techmap&utm_medium=csv&utm_campaign=github&utm_term=apply","2026-09-20"
"Palo Alto Networks","Cybersecurity","xl","Senior Software Engineer (Secure Agentic AI)","Engineer","תל אביב-יפו","https://il.linkedin.com/jobs/view/senior-software-engineer-secure-agentic-ai-at-palo-alto-networks-4467327920?utm_source=techmap&utm_medium=csv&utm_campaign=github&utm_term=apply","2026-09-20"
"Palo Alto Networks","Cybersecurity","xl","Engineering Software Manager (Cortex Cloud)","Manager","תל אביב-יפו","https://il.linkedin.com/jobs/view/engineering-software-manager-cortex-cloud-at-palo-alto-networks-4356153082?utm_source=techmap&utm_medium=csv&utm_campaign=github&utm_term=apply","2026-09-20"
"Palo Alto Networks","Cybersecurity","xl","Principal Software Engineer (Secrets Manager)","Manager","תל אביב-יפו","https://il.linkedin.com/jobs/view/principal-software-engineer-secrets-manager-at-palo-alto-networks-4458830628?utm_source=techmap&utm_medium=csv&utm_campaign=github&utm_term=apply","2026-09-20"
"Mobileye","Automotive","l","Senior System Architect","Architect","ירושלים","https://il.linkedin.com/jobs/view/senior-system-architect-at-mobileye-4278446775?utm_source=techmap&utm_medium=csv&utm_campaign=github&utm_term=apply","2026-09-20"
"Nvidia","AI/ML","l","Senior System Architect, High-Speed Interconnects","Architect","יקנעם עילית","https://il.linkedin.com/jobs/view/senior-system-architect-high-speed-interconnects-at-nvidia-4450934828?utm_source=techmap&utm_medium=csv&utm_campaign=github&utm_term=apply","2026-09-20"
"KLA","Robotics & Automation","l","Final Integration Engineer","Engineer","מגדל העמק","https://il.linkedin.com/jobs/view/final-integration-engineer-at-kla-4411549131?utm_source=techmap&utm_medium=csv&utm_campaign=github&utm_term=apply","2026-09-20"
"KLA","Robotics & Automation","l","R&D Director","Executive","מגדל העמק","https://il.linkedin.com/jobs/view/r-d-director-at-kla-4411541229?utm_source=techmap&utm_medium=csv&utm_campaign=github&utm_term=apply","2026-09-20"
"KLA","Robotics & Automation","l","Optical Practical Engineer","Engineer","מגדל העמק","https://il.linkedin.com/jobs/view/optical-practical-engineer-at-kla-4411532700?utm_source=techmap&utm_medium=csv&utm_campaign=github&utm_term=apply","2026-09-20"
"Nvidia","AI/ML","l","BSP and BMC Verification Software Engineer","Engineer","יקנעם עילית","https://il.linkedin.com/jobs/view/bsp-and-bmc-verification-software-engineer-at-nvidia-4403684410?utm_source=techmap&utm_medium=csv&utm_campaign=github&utm_term=apply","2026-09-20"
"KLA","Robotics & Automation","l","Process Engineer (Temporary Position)","Engineer","מגדל העמק","https://il.linkedin.com/jobs/view/process-engineer-temporary-position-at-kla-4458838556?utm_source=techmap&utm_medium=csv&utm_campaign=github&utm_term=apply","2026-09-20"
"Dream Security","Cybersecurity","m","Software Engineer- Posture","Engineer","רמת גן","https://il.linkedin.com/jobs/view/software-engineer-posture-at-dream-4400443731?utm_source=techmap&utm_medium=csv&utm_campaign=github&utm_term=apply","2026-09-19"
"Stampli","Fintech","l","Full Stack Team Lead","Manager","תל אביב-יפו","https://il.linkedin.com/jobs/view/full-stack-team-lead-at-stampli-4441228868?utm_source=techmap&utm_medium=csv&utm_campaign=github&utm_term=apply","2026-09-19"
"Nvidia","AI/ML","l","Software Manager, SPE","Manager","יקנעם עילית","https://il.linkedin.com/jobs/view/software-manager-spe-at-nvidia-4414406149?utm_source=techmap&utm_medium=csv&utm_campaign=github&utm_term=apply","2026-09-19"
"Nvidia","AI/ML","l","Senior Software Engineer, NVLINK","Engineer","יקנעם עילית","https://il.linkedin.com/jobs/view/senior-software-engineer-nvlink-at-nvidia-4468020862?utm_source=techmap&utm_medium=csv&utm_campaign=github&utm_term=apply","2026-09-19"
"Nvidia","AI/ML","l","Advanced Software Development Engineer","Engineer","יקנעם עילית","https://il.linkedin.com/jobs/view/advanced-software-development-engineer-at-nvidia-4441362838?utm_source=techmap&utm_medium=csv&utm_campaign=github&utm_term=apply","2026-09-19"
"Innovid","AdTech","l","Software Engineer","Engineer","תל אביב-יפו","https://il.linkedin.com/jobs/view/software-engineer-at-innovid-4440693281?utm_source=techmap&utm_medium=csv&utm_campaign=github&utm_term=apply","2026-09-18"
"Empathy","Health","m","Senior Full Stack Mobile Developer","Engineer","גבעת עדה","https://il.linkedin.com/jobs/view/senior-full-stack-mobile-developer-at-empathy-4440713088?utm_source=techmap&utm_medium=csv&utm_campaign=github&utm_term=apply","2026-09-18"
"Cisco Systems","Telecommunications","l","Software Engineering Tech Lead – Identity & Security Platforms","Tech Lead","נתניה","https://il.linkedin.com/jobs/view/software-engineering-tech-lead-%E2%80%93-identity-security-platforms-at-cisco-4441266677?utm_source=techmap&utm_medium=csv&utm_campaign=github&utm_term=apply","2026-09-18"
"Dream Security","Cybersecurity","m","Research Infra Engineer","Engineer","רמת גן","https://il.linkedin.com/jobs/view/research-infra-engineer-at-dream-4370342612?utm_source=techmap&utm_medium=csv&utm_campaign=github&utm_term=apply","2026-09-18"
"Cato Networks","Cybersecurity","l","AI Security - Senior Software Engineer","Engineer","בני ברק","https://il.linkedin.com/jobs/view/ai-security-senior-software-engineer-at-cato-networks-4331477009?utm_source=techmap&utm_medium=csv&utm_campaign=github&utm_term=apply","2026-09-18"
"Intel","Semiconductors","l","Wireless Connectivity System and Architecture Engineer","Architect","חיפה","https://il.linkedin.com/jobs/view/wireless-connectivity-system-and-architecture-engineer-at-intel-4449125103?utm_source=techmap&utm_medium=csv&utm_campaign=github&utm_term=apply","2026-09-18"
"SAP","Productivity","xl","Student Developer - SAP BTP - CCS","Student","מודיעין-מכבים-רעות","https://il.linkedin.com/jobs/view/student-developer-sap-btp-ccs-at-sap-4343365945?utm_source=techmap&utm_medium=csv&utm_campaign=github&utm_term=apply","2026-09-18"
"Cisco Systems","Telecommunications","l","ASIC Design Engineering Technical Leader","Tech Lead","נתניה","https://il.linkedin.com/jobs/view/asic-design-engineering-technical-leader-at-cisco-4404077845?utm_source=techmap&utm_medium=csv&utm_campaign=github&utm_term=apply","2026-09-18"
"Cisco Systems","Telecommunications","l","Senior C++ Software Engineer/Technical Leader","Tech Lead","נתניה","https://il.linkedin.com/jobs/view/senior-c%2B%2B-software-engineer-technical-leader-at-cisco-4404072792?utm_source=techmap&utm_medium=csv&utm_campaign=github&utm_term=apply","2026-09-18"
"Meta","Digital Media","xl","Software Engineer, Systems","Engineer","תל אביב-יפו","https://il.linkedin.com/jobs/view/software-engineer-systems-at-meta-4438074422?utm_source=techmap&utm_medium=csv&utm_campaign=github&utm_term=apply","2026-09-18"
"Qualcomm","Telecommunications","l","Senior Software Architect - Hod Hasharon","Architect","טירת כרמל","https://il.linkedin.com/jobs/view/senior-software-architect-hod-hasharon-at-qualcomm-4449758017?utm_source=techmap&utm_medium=csv&utm_campaign=github&utm_term=apply","2026-09-18"
"Palo Alto Networks","Cybersecurity","xl","Senior Staff C++ Win Engineer (Endpoint Privilege Manager - Idira)","Manager","תל אביב-יפו","https://il.linkedin.com/jobs/view/senior-staff-c%2B%2B-win-engineer-endpoint-privilege-manager-idira-at-palo-alto-networks-4448471206?utm_source=techmap&utm_medium=csv&utm_campaign=github&utm_term=apply","2026-09-18"
"Mobileye","Automotive","l","Camera System Engineer","Engineer","ירושלים","https://il.linkedin.com/jobs/view/camera-system-engineer-at-mobileye-4458625343?utm_source=techmap&utm_medium=csv&utm_campaign=github&utm_term=apply","2026-09-18"
"Mobileye","Automotive","l","Software Algorithms RT Engineer - Active Sensor Group","Engineer","ירושלים","https://il.linkedin.com/jobs/view/software-algorithms-rt-engineer-active-sensor-group-at-mobileye-4458620495?utm_source=techmap&utm_medium=csv&utm_campaign=github&utm_term=apply","2026-09-18"
"Palo Alto Networks","Cybersecurity","xl","Engineering Software Manager (Secure Agentic AI)","Manager","תל אביב-יפו","https://il.linkedin.com/jobs/view/engineering-software-manager-secure-agentic-ai-at-palo-alto-networks-4419249703?utm_source=techmap&utm_medium=csv&utm_campaign=github&utm_term=apply","2026-09-18"
"Palo Alto Networks","Cybersecurity","xl","Principal Engineer Software(Cortex XSOAR/XSIAM)","Engineer","תל אביב-יפו","https://il.linkedin.com/jobs/view/principal-engineer-software-cortex-xsoar-xsiam-at-palo-alto-networks-4364576271?utm_source=techmap&utm_medium=csv&utm_campaign=github&utm_term=apply","2026-09-18"
"Nvidia","AI/ML","l","Senior Chip Design Tools Software Developer – CAD","Engineer","רעננה","https://il.linkedin.com/jobs/view/senior-chip-design-tools-software-developer-%E2%80%93-cad-at-nvidia-4430848334?utm_source=techmap&utm_medium=csv&utm_campaign=github&utm_term=apply","2026-09-18"
"Nvidia","AI/ML","l","Senior Power and Performance Architect","Architect","תל אביב-יפו","https://il.linkedin.com/jobs/view/senior-power-and-performance-architect-at-nvidia-4423293476?utm_source=techmap&utm_medium=csv&utm_campaign=github&utm_term=apply","2026-09-18"
"CEVA","Productivity","l","C++ Software Engineer – AI & DSP Processor Simulators","Engineer","הרצליה","https://www.comeet.com/jobs/ceva/76.005/c-software-engineer--ai--dsp-processor-simulators/3D.17E?utm_source=techmap&utm_medium=csv&utm_campaign=github&utm_term=apply","2026-09-17"
"Snap","Digital Media","xl","AR Engineer","Engineer","תל אביב-יפו","https://il.linkedin.com/jobs/view/ar-engineer-at-snap-inc-4449491638?utm_source=techmap&utm_medium=csv&utm_campaign=github&utm_term=apply","2026-09-17"
"SimilarWeb","Productivity","l","BIg Data Engineer","Engineer","גבעתיים","https://il.linkedin.com/jobs/view/big-data-engineer-at-similarweb-4418794144?utm_source=techmap&utm_medium=csv&utm_campaign=github&utm_term=apply","2026-09-17"
"Camtek","Semiconductors","l","Physicist / Optical Engineer","Engineer","מגדל העמק","https://il.linkedin.com/jobs/view/physicist-optical-engineer-at-camtek-4457762122?utm_source=techmap&utm_medium=csv&utm_campaign=github&utm_term=apply","2026-09-17"
"Mine","Productivity","m","Solutions Engineer","Engineer","תל אביב-יפו","https://il.linkedin.com/jobs/view/solutions-engineer-at-mine-4445940392?utm_source=techmap&utm_medium=csv&utm_campaign=github&utm_term=apply","2026-09-17"
"Bond Sports","Productivity","s","Full Stack Engineer","Engineer","תל אביב-יפו","https://il.linkedin.com/jobs/view/full-stack-engineer-at-bond-sports-4467881678?utm_source=techmap&utm_medium=csv&utm_campaign=github&utm_term=apply","2026-09-17"
"Rayzone Group","Cybersecurity","m","Software Development Team Lead","Manager","תל אביב-יפו","https://il.linkedin.com/jobs/view/software-development-team-lead-at-rayzone-group-4467198737?utm_source=techmap&utm_medium=csv&utm_campaign=github&utm_term=apply","2026-09-17"
"Redwood International Sports","Cloud Computing","m","Full Stack Engineer","Engineer","פתח תקווה","https://il.linkedin.com/jobs/view/full-stack-engineer-at-redwood-international-sports-%E2%9A%BD%EF%B8%8F-4468358703?utm_source=techmap&utm_medium=csv&utm_campaign=github&utm_term=apply","2026-09-17"
"Medtronic","Health","l","Junior Software Engineer","Engineer","הרצליה","https://il.linkedin.com/jobs/view/junior-software-engineer-at-medtronic-4462144436?utm_source=techmap&utm_medium=csv&utm_campaign=github&utm_term=apply","2026-09-17"
"Medtronic","Health","l","Windows Platform Engineer","Engineer","הרצליה","https://il.linkedin.com/jobs/view/windows-platform-engineer-at-medtronic-4462778701?utm_source=techmap&utm_medium=csv&utm_campaign=github&utm_term=apply","2026-09-17"
"Tenable","Cybersecurity","xl","Staff Software Engineer","Engineer","תל אביב-יפו","https://il.linkedin.com/jobs/view/staff-software-engineer-at-tenable-4468607217?utm_source=techmap&utm_medium=csv&utm_campaign=github&utm_term=apply","2026-09-17"
"Adaptive6","Productivity","s","Senior Backend Developer","Engineer","תל אביב-יפו","https://il.linkedin.com/jobs/view/senior-backend-developer-at-adaptive6-4457964526?utm_source=techmap&utm_medium=csv&utm_campaign=github&utm_term=apply","2026-09-17"
"Yotpo","AdTech","l","Staff Engineer - Office of the CTO","Engineer","תל אביב-יפו","https://il.linkedin.com/jobs/view/staff-engineer-office-of-the-cto-at-yotpo-4466635104?utm_source=techmap&utm_medium=csv&utm_campaign=github&utm_term=apply","2026-09-17"
"UNIPaaS Payments Technologies","Fintech","s","Software Engineering Team Lead","Manager","תל אביב-יפו","https://il.linkedin.com/jobs/view/software-engineering-team-lead-at-unipaas-4468214622?utm_source=techmap&utm_medium=csv&utm_campaign=github&utm_term=apply","2026-09-17"
"Oracle","Cloud Computing","l","Senior Technical Operations Engineer","Engineer","פתח תקווה","https://il.linkedin.com/jobs/view/senior-technical-operations-engineer-at-oracle-4457726860?utm_source=techmap&utm_medium=csv&utm_campaign=github&utm_term=apply","2026-09-17"
"Plus500","Fintech","l","Mid-Level Backend Engineer","Engineer","חיפה","https://il.linkedin.com/jobs/view/mid-level-backend-engineer-at-plus500%E2%84%A2-4457233472?utm_source=techmap&utm_medium=csv&utm_campaign=github&utm_term=apply","2026-09-17"
"Nvidia","AI/ML","l","Senior Supplier Engineer, Strategic Sourcing - Advanced Research","Engineer","יקנעם עילית","https://il.linkedin.com/jobs/view/senior-supplier-engineer-strategic-sourcing-advanced-research-at-nvidia-4458309854?utm_source=techmap&utm_medium=csv&utm_campaign=github&utm_term=apply","2026-09-17"
"Nvidia","AI/ML","l","SPE Thermal Solutions Integration Engineer","Engineer","יקנעם עילית","https://il.linkedin.com/jobs/view/spe-thermal-solutions-integration-engineer-at-nvidia-4458310802?utm_source=techmap&utm_medium=csv&utm_campaign=github&utm_term=apply","2026-09-17"
"INFINIDAT","Productivity","l","Software Engineering Team Lead","Manager","הרצליה","https://il.linkedin.com/jobs/view/software-engineering-team-lead-at-infinidat-4468358920?utm_source=techmap&utm_medium=csv&utm_campaign=github&utm_term=apply","2026-09-17"
"Palo Alto Networks","Cybersecurity","xl","Staff Software Engineer (Secrets Manager)","Manager","תל אביב-יפו","https://il.linkedin.com/jobs/view/staff-software-engineer-secrets-manager-at-palo-alto-networks-4457799473?utm_source=techmap&utm_medium=csv&utm_campaign=github&utm_term=apply","2026-09-17"
"Palo Alto Networks","Cybersecurity","xl","Senior Staff Software Engineer (Secrets Manager)","Manager","תל אביב-יפו","https://il.linkedin.com/jobs/view/senior-staff-software-engineer-secrets-manager-at-palo-alto-networks-4458002487?utm_source=techmap&utm_medium=csv&utm_campaign=github&utm_term=apply","2026-09-17"
"Google","Digital Media","xl","Emulation Verification Tech Lead, Google Cloud","Tech Lead","תל אביב-יפו","https://il.linkedin.com/jobs/view/emulation-verification-tech-lead-google-cloud-at-google-4467591197?utm_source=techmap&utm_medium=csv&utm_campaign=github&utm_term=apply","2026-09-17"
"Palo Alto Networks","Cybersecurity","xl","Senior Staff Software Engineer (Endpoint Privilege Manager - Idira)","Manager","תל אביב-יפו","https://il.linkedin.com/jobs/view/senior-staff-software-engineer-endpoint-privilege-manager-idira-at-palo-alto-networks-4419293957?utm_source=techmap&utm_medium=csv&utm_campaign=github&utm_term=apply","2026-09-17"
"Mobileye","Automotive","l","System Integration Engineer","Engineer","ירושלים","https://il.linkedin.com/jobs/view/system-integration-engineer-at-mobileye-4457953386?utm_source=techmap&utm_medium=csv&utm_campaign=github&utm_term=apply","2026-09-17"
"Google","Digital Media","xl","Signal/Power Integrity Engineer, PhD Graduate","Engineer","תל אביב-יפו","https://il.linkedin.com/jobs/view/signal-power-integrity-engineer-phd-graduate-at-google-4439419126?utm_source=techmap&utm_medium=csv&utm_campaign=github&utm_term=apply","2026-09-17"
"Google","Digital Media","xl","Senior Software Engineer, Cloud Datastream and Database Migration Service","Engineer","תל אביב-יפו","https://il.linkedin.com/jobs/view/senior-software-engineer-cloud-datastream-and-database-migration-service-at-google-4467574995?utm_source=techmap&utm_medium=csv&utm_campaign=github&utm_term=apply","2026-09-17"
"Palo Alto Networks","Cybersecurity","xl","Principal Software Engineer (Directory Services)","Executive","תל אביב-יפו","https://il.linkedin.com/jobs/view/principal-software-engineer-directory-services-at-palo-alto-networks-4447375709?utm_source=techmap&utm_medium=csv&utm_campaign=github&utm_term=apply","2026-09-17"
"Palo Alto Networks","Cybersecurity","xl","Sr Principal Software Architect (Idira- Secure Infrastructure Access)","Architect","תל אביב-יפו","https://il.linkedin.com/jobs/view/sr-principal-software-architect-idira-secure-infrastructure-access-at-palo-alto-networks-4466292156?utm_source=techmap&utm_medium=csv&utm_campaign=github&utm_term=apply","2026-09-17"
"Elbit Systems","Aerospace","l","System Engineer","Engineer","חיפה","https://il.linkedin.com/jobs/view/system-engineer-at-elbit-systems-israel-4446624563?utm_source=techmap&utm_medium=csv&utm_campaign=github&utm_term=apply","2026-09-17"
"Nvidia","AI/ML","l","Senior Solution Engineer, Switch Networking","Engineer","יקנעם עילית","https://il.linkedin.com/jobs/view/senior-solution-engineer-switch-networking-at-nvidia-4430831425?utm_source=techmap&utm_medium=csv&utm_campaign=github&utm_term=apply","2026-09-17"
"Nvidia","AI/ML","l","Performance Modeling Architect","Architect","רעננה","https://il.linkedin.com/jobs/view/performance-modeling-architect-at-nvidia-4418526504?utm_source=techmap&utm_medium=csv&utm_campaign=github&utm_term=apply","2026-09-17"
"KLA","Robotics & Automation","l","Senior Algorithm Developer / Tech Lead","Tech Lead","מגדל העמק","https://il.linkedin.com/jobs/view/senior-algorithm-developer-tech-lead-at-kla-4457257964?utm_source=techmap&utm_medium=csv&utm_campaign=github&utm_term=apply","2026-09-17"
"CEVA","Productivity","l","Communication Software Engineer","Engineer","הרצליה","https://www.comeet.com/jobs/ceva/76.005/communication-software-engineer/F4.179?utm_source=techmap&utm_medium=csv&utm_campaign=github&utm_term=apply","2026-09-16"
"Cross River Technologies","Fintech","m","Senior Back-End Engineer Node.js","Engineer","תל אביב-יפו","https://www.comeet.com/jobs/crossriver/C7.00F/senior-back-end-engineer-node_js/AE.851?utm_source=techmap&utm_medium=csv&utm_campaign=github&utm_term=apply","2026-09-16"
"VAST Data","Cloud Computing","l","Cloud Senior software Engineer","Engineer","תל אביב-יפו","https://www.comeet.com/jobs/vastdata/43.001/cloud-senior-software-engineer/DB.366?utm_source=techmap&utm_medium=csv&utm_campaign=github&utm_term=apply","2026-09-16"
"VAST Data","Cloud Computing","l","Senior C/C++ Core Developer","Engineer","תל אביב-יפו","https://www.comeet.com/jobs/vastdata/43.001/senior-cc-core-developer/5B.D6C?utm_source=techmap&utm_medium=csv&utm_campaign=github&utm_term=apply","2026-09-16"
"VAST Data","Cloud Computing","l","Senior Software Engineer -Kafka / Event Streaming","Engineer","תל אביב-יפו","https://www.comeet.com/jobs/vastdata/43.001/senior-software-engineer--kafka--event-streaming/7A.D6D?utm_source=techmap&utm_medium=csv&utm_campaign=github&utm_term=apply","2026-09-16"
"Riverside.fm","AI/ML","l","Senior Backend Platform Engineer","Engineer","תל אביב-יפו","https://www.comeet.com/jobs/riverside-fm/66.009/senior-backend-platform-engineer/32.36E?utm_source=techmap&utm_medium=csv&utm_campaign=github&utm_term=apply","2026-09-16"
"DataRails","Fintech","m","Senior Software Engineer, AI Builder (Python)","Engineer","תל אביב-יפו","https://il.linkedin.com/jobs/view/senior-software-engineer-ai-builder-python-at-datarails-4467978906?utm_source=techmap&utm_medium=csv&utm_campaign=github&utm_term=apply","2026-09-16"
"Nvidia","AI/ML","l","IC Packaging Engineer","Engineer","יקנעם עילית","https://il.linkedin.com/jobs/view/ic-packaging-engineer-at-nvidia-4439944719?utm_source=techmap&utm_medium=csv&utm_campaign=github&utm_term=apply","2026-09-16"
"abra","Productivity","l","Database Administrator","Engineer","רעננה","https://il.linkedin.com/jobs/view/database-administrator-at-abra-4467978047?utm_source=techmap&utm_medium=csv&utm_campaign=github&utm_term=apply","2026-09-16"
"Alma Lasers","Health","l","R&D Mechanical Engineer","Engineer","קיסריה","https://il.linkedin.com/jobs/view/r-d-mechanical-engineer-at-alma-lasers-4427163770?utm_source=techmap&utm_medium=csv&utm_campaign=github&utm_term=apply","2026-09-16"
"Siemens","Robotics & Automation","xl","Solution Engineer","Engineer","ראש העין","https://il.linkedin.com/jobs/view/solution-engineer-at-siemens-4466871842?utm_source=techmap&utm_medium=csv&utm_campaign=github&utm_term=apply","2026-09-16"
"Voyantis","AdTech","m","Senior Software Engineer - Data Platform","Engineer","תל אביב-יפו","https://il.linkedin.com/jobs/view/senior-software-engineer-data-platform-at-voyantis-4465967415?utm_source=techmap&utm_medium=csv&utm_campaign=github&utm_term=apply","2026-09-16"
"ScaleOps","Productivity","m","Director of Full stack","Executive","תל אביב-יפו","https://il.linkedin.com/jobs/view/director-of-full-stack-at-scaleops-4468221835?utm_source=techmap&utm_medium=csv&utm_campaign=github&utm_term=apply","2026-09-16"
"Rayzone Group","Cybersecurity","m","Field Systems & Integration Engineer - DDRF (Rayzone Group Subsidiary )","Engineer","תל אביב-יפו","https://il.linkedin.com/jobs/view/field-systems-integration-engineer-ddrf-rayzone-group-subsidiary-at-rayzone-group-4466853774?utm_source=techmap&utm_medium=csv&utm_campaign=github&utm_term=apply","2026-09-16"
"Coralogix","Cloud Computing","l","Software Engineer – Data Ingestion","Engineer","רמת גן","https://il.linkedin.com/jobs/view/software-engineer-%E2%80%93-data-ingestion-at-coralogix-4468234718?utm_source=techmap&utm_medium=csv&utm_campaign=github&utm_term=apply","2026-09-16"
"Akamai Technologies","Cloud Computing","l","Cloud Networking - Senior II Software Engineer","Engineer","תל אביב-יפו","https://il.linkedin.com/jobs/view/cloud-networking-senior-ii-software-engineer-at-akamai-technologies-4467921691?utm_source=techmap&utm_medium=csv&utm_campaign=github&utm_term=apply","2026-09-16"
"Camtek","Semiconductors","l","System Engineer","Engineer","מגדל העמק","https://il.linkedin.com/jobs/view/system-engineer-at-camtek-4465995309?utm_source=techmap&utm_medium=csv&utm_campaign=github&utm_term=apply","2026-09-16"
"INFINIDAT","Productivity","l","Senior C++ Software Engineer","Engineer","הרצליה","https://il.linkedin.com/jobs/view/senior-c%2B%2B-software-engineer-at-infinidat-4466203943?utm_source=techmap&utm_medium=csv&utm_campaign=github&utm_term=apply","2026-09-16"
"OX Security","Cybersecurity","m","Senior Backend Engineer - Vibesec","Engineer","תל אביב-יפו","https://il.linkedin.com/jobs/view/senior-backend-engineer-vibesec-at-ox-security-4468267086?utm_source=techmap&utm_medium=csv&utm_campaign=github&utm_term=apply","2026-09-16"
"SkyGini","Productivity","xs","Senior Software Engineer","Engineer","תל אביב-יפו","https://il.linkedin.com/jobs/view/senior-software-engineer-at-skygini-4465951973?utm_source=techmap&utm_medium=csv&utm_campaign=github&utm_term=apply","2026-09-16"
"Augury","Robotics & Automation","l","R&D Mechanical Engineer","Engineer","חיפה","https://il.linkedin.com/jobs/view/r-d-mechanical-engineer-at-augury-4458739807?utm_source=techmap&utm_medium=csv&utm_campaign=github&utm_term=apply","2026-09-16"
"PTC","Productivity","xl","R&D Geometry Creo Intern","Student","חיפה","https://il.linkedin.com/jobs/view/r-d-geometry-creo-intern-at-ptc-4467982058?utm_source=techmap&utm_medium=csv&utm_campaign=github&utm_term=apply","2026-09-16"
"INFINIDAT","Productivity","l","Senior Java Software Engineer","Engineer","הרצליה","https://il.linkedin.com/jobs/view/senior-java-software-engineer-at-infinidat-4468206373?utm_source=techmap&utm_medium=csv&utm_campaign=github&utm_term=apply","2026-09-16"
"Google","Digital Media","xl","Senior CAD Infra Engineer","Engineer","תל אביב-יפו","https://il.linkedin.com/jobs/view/senior-cad-infra-engineer-at-google-4466857367?utm_source=techmap&utm_medium=csv&utm_campaign=github&utm_term=apply","2026-09-16"
"abra","Productivity","l","Experienced Integration Engineer","Engineer","רעננה","https://il.linkedin.com/jobs/view/experienced-integration-engineer-at-abra-4466814988?utm_source=techmap&utm_medium=csv&utm_campaign=github&utm_term=apply","2026-09-16"
"Omnisys","Aerospace","m","System Engineer","Engineer","כפר קאסם","https://il.linkedin.com/jobs/view/system-engineer-at-omnisys-4466842512?utm_source=techmap&utm_medium=csv&utm_campaign=github&utm_term=apply","2026-09-16"
"Omnisys","Aerospace","m","Simulation Engineer","Engineer","כפר קאסם","https://il.linkedin.com/jobs/view/simulation-engineer-at-omnisys-4466854387?utm_source=techmap&utm_medium=csv&utm_campaign=github&utm_term=apply","2026-09-16"
"Qualcomm","Telecommunications","l","Test Engineer, Senior - Hod Hasharon","Engineer","טירת כרמל","https://il.linkedin.com/jobs/view/test-engineer-senior-hod-hasharon-at-qualcomm-4448232548?utm_source=techmap&utm_medium=csv&utm_campaign=github&utm_term=apply","2026-09-16"
"Mobileye","Automotive","l","Radar ATE Engineer","Engineer","ירושלים","https://il.linkedin.com/jobs/view/radar-ate-engineer-at-mobileye-4448519558?utm_source=techmap&utm_medium=csv&utm_campaign=github&utm_term=apply","2026-09-16"
"Rafael Advanced Defense Systems","Aerospace","l","Aerodynamics Engineer","Engineer","חיפה","https://il.linkedin.com/jobs/view/aerodynamics-engineer-at-rafael-advanced-defense-systems-4467963251?utm_source=techmap&utm_medium=csv&utm_campaign=github&utm_term=apply","2026-09-16"
"KLA","Robotics & Automation","l","Laser integration practical engineer","Engineer","מגדל העמק","https://il.linkedin.com/jobs/view/laser-integration-practical-engineer-at-kla-4446616693?utm_source=techmap&utm_medium=csv&utm_campaign=github&utm_term=apply","2026-09-16"
"Philips","Health","l","Software Architect","Architect","חיפה","https://il.linkedin.com/jobs/view/software-architect-at-philips-4467103093?utm_source=techmap&utm_medium=csv&utm_campaign=github&utm_term=apply","2026-09-16"
"Nvidia","AI/ML","l","SDK Eth Software Team Manager","Manager","תל אביב-יפו","https://il.linkedin.com/jobs/view/sdk-eth-software-team-manager-at-nvidia-4466596552?utm_source=techmap&utm_medium=csv&utm_campaign=github&utm_term=apply","2026-09-16"
"Israel Aerospace Industries","Aerospace","l","Antenna Engineer","Engineer","אשדוד","https://il.linkedin.com/jobs/view/antenna-engineer-at-iai-israel-aerospace-industries-4465978479?utm_source=techmap&utm_medium=csv&utm_campaign=github&utm_term=apply","2026-09-16"
"KLA","Robotics & Automation","l","X‑ray Integration Engineer","Engineer","מגדל העמק","https://il.linkedin.com/jobs/view/x%E2%80%91ray-integration-engineer-at-kla-4466203271?utm_source=techmap&utm_medium=csv&utm_campaign=github&utm_term=apply","2026-09-16"
"KLA","Robotics & Automation","l","System Engineer","Engineer","מגדל העמק","https://il.linkedin.com/jobs/view/system-engineer-at-kla-4456944356?utm_source=techmap&utm_medium=csv&utm_campaign=github&utm_term=apply","2026-09-16"
"Nvidia","AI/ML","l","Senior Software Firmware Architect, Host Management","Architect","תל אביב-יפו","https://il.linkedin.com/jobs/view/senior-software-firmware-architect-host-management-at-nvidia-4448259447?utm_source=techmap&utm_medium=csv&utm_campaign=github&utm_term=apply","2026-09-16"
"Israel Aerospace Industries","Aerospace","l","RSC Engineer","Engineer","אשדוד","https://il.linkedin.com/jobs/view/rsc-engineer-at-iai-israel-aerospace-industries-4465991274?utm_source=techmap&utm_medium=csv&utm_campaign=github&utm_term=apply","2026-09-16"
"Kaltura","Digital Media","l","AI Tech Lead","Tech Lead","בני ברק","https://www.comeet.com/jobs/kaltura/E2.00D/ai-tech-lead/25.F62?utm_source=techmap&utm_medium=csv&utm_campaign=github&utm_term=apply","2026-09-15"
"DriveNets","Productivity","l","Software Engineer – BSP & Firmware","Engineer","רעננה","https://www.comeet.com/jobs/drivenets/72.006/software-engineer--bsp--firmware/99.757?utm_source=techmap&utm_medium=csv&utm_campaign=github&utm_term=apply","2026-09-15"
"Shopic","E-commerce & Retail","m","Software Engineer (Full Stack)","Engineer","תל אביב-יפו","https://www.comeet.com/jobs/shopic/E6.002/software-engineer-full-stack/AB.D6D?utm_source=techmap&utm_medium=csv&utm_campaign=github&utm_term=apply","2026-09-15"
"Silverfort","Cybersecurity","l","Senior Full Stack Software Engineer","Engineer","תל אביב-יפו","https://www.comeet.com/jobs/silverfort/54.007/senior-full-stack-software-engineer/84.F60?utm_source=techmap&utm_medium=csv&utm_campaign=github&utm_term=apply","2026-09-15"
"Parallel Wireless","Telecommunications","l","AI-Driven 4G PHY SW Engineer","Engineer","צור יגאל","https://il.linkedin.com/jobs/view/ai-driven-4g-phy-sw-engineer-at-parallel-wireless-4466193851?utm_source=techmap&utm_medium=csv&utm_campaign=github&utm_term=apply","2026-09-15"
"Flex","Robotics & Automation","xl","Systems Engineer","Engineer","צורית","https://il.linkedin.com/jobs/view/systems-engineer-at-flex-4465590761?utm_source=techmap&utm_medium=csv&utm_campaign=github&utm_term=apply","2026-09-15"
"Apono","Cybersecurity","s","Backend Software Developer","Engineer","תל אביב-יפו","https://il.linkedin.com/jobs/view/backend-software-developer-at-apono-4453965671?utm_source=techmap&utm_medium=csv&utm_campaign=github&utm_term=apply","2026-09-15"
"Apono","Cybersecurity","s","Staff Developer","Engineer","תל אביב-יפו","https://il.linkedin.com/jobs/view/staff-developer-at-apono-4447972173?utm_source=techmap&utm_medium=csv&utm_campaign=github&utm_term=apply","2026-09-15"
"Elastic Technologies Israel","AI/ML","m","Senior Software Engineer - Prism - Security","Engineer","תל אביב-יפו","https://il.linkedin.com/jobs/view/senior-software-engineer-prism-security-at-elastic-4467790629?utm_source=techmap&utm_medium=csv&utm_campaign=github&utm_term=apply","2026-09-15"
"Bulwarx","Cybersecurity","m","Professional Services Engineer Team Leader","Manager","רעננה","https://il.linkedin.com/jobs/view/professional-services-engineer-team-leader-at-bulwarx-4466198950?utm_source=techmap&utm_medium=csv&utm_campaign=github&utm_term=apply","2026-09-15"
"Tailor Brands","Productivity","m","Senior Full Stack Engineer","Engineer","תל אביב-יפו","https://il.linkedin.com/jobs/view/senior-full-stack-engineer-at-tailor-brands-4431222318?utm_source=techmap&utm_medium=csv&utm_campaign=github&utm_term=apply","2026-09-15"
"Xsight Labs","Semiconductors","m","Senior Static Timing Analysis (STA) Engineer (IL)","Engineer","קרית גת","https://il.linkedin.com/jobs/view/senior-static-timing-analysis-sta-engineer-il-at-xsight-labs-4461031275?utm_source=techmap&utm_medium=csv&utm_campaign=github&utm_term=apply","2026-09-15"
"Sunbit","Fintech","l","Software Java Team Lead","Manager","תל אביב-יפו","https://il.linkedin.com/jobs/view/software-java-team-lead-at-sunbit-4467740950?utm_source=techmap&utm_medium=csv&utm_campaign=github&utm_term=apply","2026-09-15"
"Parallel Wireless","Telecommunications","l","Technical Lead, Artificial Intelligence","Tech Lead","צור יגאל","https://il.linkedin.com/jobs/view/technical-lead-artificial-intelligence-at-parallel-wireless-4466197878?utm_source=techmap&utm_medium=csv&utm_campaign=github&utm_term=apply","2026-09-15"
"Parallel Wireless","Telecommunications","l","Automation Tech Lead","Tech Lead","צור יגאל","https://il.linkedin.com/jobs/view/automation-tech-lead-at-parallel-wireless-4458190670?utm_source=techmap&utm_medium=csv&utm_campaign=github&utm_term=apply","2026-09-15"
"Motorola Solutions","Telecommunications","xl","Senior Software  Engineer","Engineer","תל אביב-יפו","https://il.linkedin.com/jobs/view/senior-software-engineer-at-motorola-solutions-4458772044?utm_source=techmap&utm_medium=csv&utm_campaign=github&utm_term=apply","2026-09-15"
"CHEQ","Cybersecurity","l","Senior Fullstack Engineer","Engineer","תל אביב-יפו","https://il.linkedin.com/jobs/view/senior-fullstack-engineer-at-cheq-4467729327?utm_source=techmap&utm_medium=csv&utm_campaign=github&utm_term=apply","2026-09-15"
"Cato Networks","Cybersecurity","l","Software Architect","Architect","בני ברק","https://il.linkedin.com/jobs/view/software-architect-at-cato-networks-4261966420?utm_source=techmap&utm_medium=csv&utm_campaign=github&utm_term=apply","2026-09-15"
"Sygnia","Cybersecurity","l","Senior Full Stack Engineer","Engineer","Tel Aviv-Yafo","https://il.linkedin.com/jobs/view/senior-full-stack-engineer-at-sygnia-4465534442?utm_source=techmap&utm_medium=csv&utm_campaign=github&utm_term=apply","2026-09-15"
"JFrog","Cloud Computing","l","Cloud Architect","Architect","נתניה","https://il.linkedin.com/jobs/view/cloud-architect-at-jfrog-4466197175?utm_source=techmap&utm_medium=csv&utm_campaign=github&utm_term=apply","2026-09-15"
"Google","Digital Media","xl","Software Engineer III, Platform Engineering and Infrastructure","Engineer","תל אביב-יפו","https://il.linkedin.com/jobs/view/software-engineer-iii-platform-engineering-and-infrastructure-at-google-4465561954?utm_source=techmap&utm_medium=csv&utm_campaign=github&utm_term=apply","2026-09-15"
"SAP","Productivity","xl","Cloud Platform Engineer - Student (Java)","Student","מודיעין-מכבים-רעות","https://il.linkedin.com/jobs/view/cloud-platform-engineer-student-java-at-sap-4457493270?utm_source=techmap&utm_medium=csv&utm_campaign=github&utm_term=apply","2026-09-15"
"Google","Digital Media","xl","Software Engineer II, Mobile iOS","Engineer","תל אביב-יפו","https://il.linkedin.com/jobs/view/software-engineer-ii-mobile-ios-at-google-4466501947?utm_source=techmap&utm_medium=csv&utm_campaign=github&utm_term=apply","2026-09-15"
"Meta","Digital Media","xl","Software Engineer, ML (Technical Leadership)","Tech Lead","תל אביב-יפו","https://il.linkedin.com/jobs/view/software-engineer-ml-technical-leadership-at-meta-4456594294?utm_source=techmap&utm_medium=csv&utm_campaign=github&utm_term=apply","2026-09-15"
"KLA","Robotics & Automation","l","Application Engineer","Engineer","מגדל העמק","https://il.linkedin.com/jobs/view/application-engineer-at-kla-4465576253?utm_source=techmap&utm_medium=csv&utm_campaign=github&utm_term=apply","2026-09-15"
"Mobileye","Automotive","l","Experienced Low Level Software Engineer","Engineer","ירושלים","https://il.linkedin.com/jobs/view/experienced-low-level-software-engineer-at-mobileye-4447660043?utm_source=techmap&utm_medium=csv&utm_campaign=github&utm_term=apply","2026-09-15"
"Elbit Systems","Aerospace","l","SW System Engineer for Naval Systems","Engineer","חיפה","https://il.linkedin.com/jobs/view/sw-system-engineer-for-naval-systems-at-elbit-systems-israel-4437266128?utm_source=techmap&utm_medium=csv&utm_campaign=github&utm_term=apply","2026-09-15"
"Palo Alto Networks","Cybersecurity","xl","Software Engineering Manager, Idira Platform Services","Manager","תל אביב-יפו","https://il.linkedin.com/jobs/view/software-engineering-manager-idira-platform-services-at-palo-alto-networks-4465524622?utm_source=techmap&utm_medium=csv&utm_campaign=github&utm_term=apply","2026-09-15"
"Mobileye","Automotive","l","Senior Thermal Engineer","Engineer","ירושלים","https://il.linkedin.com/jobs/view/senior-thermal-engineer-at-mobileye-4456891375?utm_source=techmap&utm_medium=csv&utm_campaign=github&utm_term=apply","2026-09-15"
"Moon Active","Gaming","l","Backend Developer","Engineer","תל אביב-יפו","https://il.linkedin.com/jobs/view/backend-developer-at-moon-active-4448836606?utm_source=techmap&utm_medium=csv&utm_campaign=github&utm_term=apply","2026-09-15"
"Mobileye","Automotive","l","Embedded C++ Software Developer","Engineer","ירושלים","https://il.linkedin.com/jobs/view/embedded-c%2B%2B-software-developer-at-mobileye-4447987422?utm_source=techmap&utm_medium=csv&utm_campaign=github&utm_term=apply","2026-09-15"
"Google","Digital Media","xl","Senior Software Engineer, Google Cloud Filestore, Copy Services","Engineer","תל אביב-יפו","https://il.linkedin.com/jobs/view/senior-software-engineer-google-cloud-filestore-copy-services-at-google-4466164982?utm_source=techmap&utm_medium=csv&utm_campaign=github&utm_term=apply","2026-09-15"
"Nvidia","AI/ML","l","Senior PHY System Integration Engineer","Engineer","יקנעם עילית","https://il.linkedin.com/jobs/view/senior-phy-system-integration-engineer-at-nvidia-4466146371?utm_source=techmap&utm_medium=csv&utm_campaign=github&utm_term=apply","2026-09-15"
"DRS RADA Technologies","Aerospace","l","Component Engineer","Engineer","נתניה","https://il.linkedin.com/jobs/view/component-engineer-at-drs-rada-technologies-4466543941?utm_source=techmap&utm_medium=csv&utm_campaign=github&utm_term=apply","2026-09-15"
"KLA","Robotics & Automation","l","Spare Parts Integration Engineer","Engineer","מגדל העמק","https://il.linkedin.com/jobs/view/spare-parts-integration-engineer-at-kla-4465513697?utm_source=techmap&utm_medium=csv&utm_campaign=github&utm_term=apply","2026-09-15"
"KLA","Robotics & Automation","l","Senior System Engineer","Engineer","מגדל העמק","https://il.linkedin.com/jobs/view/senior-system-engineer-at-kla-4446211751?utm_source=techmap&utm_medium=csv&utm_campaign=github&utm_term=apply","2026-09-15"
"Wiliot","IoT","l","RF System Integration Engineer","Engineer","קיסריה","https://www.comeet.com/jobs/wiliot/F6.003/rf-system-integration-engineer/A6.D68?utm_source=techmap&utm_medium=csv&utm_campaign=github&utm_term=apply","2026-09-14"
"Venn","Digital Media","m","Senior Full Stack Developer","Engineer","תל אביב-יפו","https://il.linkedin.com/jobs/view/senior-full-stack-developer-at-venn-4326740765?utm_source=techmap&utm_medium=csv&utm_campaign=github&utm_term=apply","2026-09-14"
"Sisense","Productivity","l","Senior Solutions Engineer","Engineer","רמת גן","https://il.linkedin.com/jobs/view/senior-solutions-engineer-at-sisense-4465773786?utm_source=techmap&utm_medium=csv&utm_campaign=github&utm_term=apply","2026-09-14"
"Netafim","Sustainable Technology","l","Control Engineer","Engineer","תל אביב-יפו","https://il.linkedin.com/jobs/view/control-engineer-at-netafim-4465711633?utm_source=techmap&utm_medium=csv&utm_campaign=github&utm_term=apply","2026-09-14"
"ElSight","Semiconductors","s","Senior BSP Engineer","Engineer","גבעתיים","https://il.linkedin.com/jobs/view/senior-bsp-engineer-at-elsight-4466152275?utm_source=techmap&utm_medium=csv&utm_campaign=github&utm_term=apply","2026-09-14"
"Shield.","Fintech","m","Senior Backend Engineer","Engineer","מרחביה (קיבוץ)","https://il.linkedin.com/jobs/view/senior-backend-engineer-at-shield-4467229244?utm_source=techmap&utm_medium=csv&utm_campaign=github&utm_term=apply","2026-09-14"
"april","Fintech","m","Staff Full-Stack Engineer","Engineer","ניצני עוז","https://il.linkedin.com/jobs/view/staff-full-stack-engineer-at-april-4325349899?utm_source=techmap&utm_medium=csv&utm_campaign=github&utm_term=apply","2026-09-14"
"april","Fintech","m","Senior Full-Stack Engineer","Engineer","ניצני עוז","https://il.linkedin.com/jobs/view/senior-full-stack-engineer-at-april-4330100524?utm_source=techmap&utm_medium=csv&utm_campaign=github&utm_term=apply","2026-09-14"
"Tenova","Sustainable Technology","xl","Process Engineering Department Manager","Manager","יקנעם עילית","https://il.linkedin.com/jobs/view/process-engineering-department-manager-at-tenova-4464794933?utm_source=techmap&utm_medium=csv&utm_campaign=github&utm_term=apply","2026-09-14"
"ScaleOps","Productivity","m","Infra Engineer","Engineer","תל אביב-יפו","https://il.linkedin.com/jobs/view/infra-engineer-at-scaleops-4467093965?utm_source=techmap&utm_medium=csv&utm_campaign=github&utm_term=apply","2026-09-14"
"ScaleOps","Productivity","m","Director of R&D","Executive","תל אביב-יפו","https://il.linkedin.com/jobs/view/director-of-r-d-at-scaleops-4467099140?utm_source=techmap&utm_medium=csv&utm_campaign=github&utm_term=apply","2026-09-14"
"Cato Networks","Cybersecurity","l","Research Engineer (Network)","Engineer","בני ברק","https://il.linkedin.com/jobs/view/research-engineer-network-at-cato-networks-4455812309?utm_source=techmap&utm_medium=csv&utm_campaign=github&utm_term=apply","2026-09-14"
"Netafim","Sustainable Technology","l","R&D Mechanical Engineer","Engineer","תל אביב-יפו","https://il.linkedin.com/jobs/view/r-d-mechanical-engineer-at-netafim-4441791015?utm_source=techmap&utm_medium=csv&utm_campaign=github&utm_term=apply","2026-09-14"
"Google","Digital Media","xl","Software Engineer, Search","Engineer","תל אביב-יפו","https://il.linkedin.com/jobs/view/software-engineer-search-at-google-4466103104?utm_source=techmap&utm_medium=csv&utm_campaign=github&utm_term=apply","2026-09-14"
"Skai","AdTech","l","Lead Database Administrator","Engineer","תל אביב-יפו","https://il.linkedin.com/jobs/view/lead-database-administrator-at-skai-4465729538?utm_source=techmap&utm_medium=csv&utm_campaign=github&utm_term=apply","2026-09-14"
"ElSight","Semiconductors","s","Senior Software Engineer","Engineer","גבעתיים","https://il.linkedin.com/jobs/view/senior-software-engineer-at-elsight-4466146394?utm_source=techmap&utm_medium=csv&utm_campaign=github&utm_term=apply","2026-09-14"
"Parallel Wireless","Telecommunications","l","RAN Digital Twin Engineer","Engineer","צור יגאל","https://il.linkedin.com/jobs/view/ran-digital-twin-engineer-at-parallel-wireless-4465776288?utm_source=techmap&utm_medium=csv&utm_campaign=github&utm_term=apply","2026-09-14"
"Telefire","Cybersecurity","s","Embedded Software Engineer-1242","Engineer","פתח תקווה","https://il.linkedin.com/jobs/view/embedded-software-engineer-1242-at-telefire-4467047668?utm_source=techmap&utm_medium=csv&utm_campaign=github&utm_term=apply","2026-09-14"
"NetApp","Cloud Computing","m","Lead Architect","Architect","תל אביב-יפו","https://il.linkedin.com/jobs/view/lead-architect-at-netapp-4467097461?utm_source=techmap&utm_medium=csv&utm_campaign=github&utm_term=apply","2026-09-14"
"NetApp","Cloud Computing","m","Senior Software Engineer","Engineer","תל אביב-יפו","https://il.linkedin.com/jobs/view/senior-software-engineer-at-netapp-4467082579?utm_source=techmap&utm_medium=csv&utm_campaign=github&utm_term=apply","2026-09-14"
"Cyera","Cybersecurity","m","Solution Architect - OCTO Data","Architect","תל אביב-יפו","https://il.linkedin.com/jobs/view/solution-architect-octo-data-at-cyera-4467057389?utm_source=techmap&utm_medium=csv&utm_campaign=github&utm_term=apply","2026-09-14"
"ScaleOps","Productivity","m","Backend Engineer","Engineer","תל אביב-יפו","https://il.linkedin.com/jobs/view/backend-engineer-at-scaleops-4467077996?utm_source=techmap&utm_medium=csv&utm_campaign=github&utm_term=apply","2026-09-14"
"Seeking Alpha","Digital Media","l","Search Engineer  (Elasticsearch & Vector Search)","Engineer","רעננה","https://il.linkedin.com/jobs/view/search-engineer-elasticsearch-vector-search-at-seeking-alpha-4467201081?utm_source=techmap&utm_medium=csv&utm_campaign=github&utm_term=apply","2026-09-14"
"UVeye","Robotics & Automation","m","Engineering Director - Squad Management","Executive","תל אביב-יפו","https://il.linkedin.com/jobs/view/engineering-director-squad-management-at-uveye-4451334796?utm_source=techmap&utm_medium=csv&utm_campaign=github&utm_term=apply","2026-09-14"
"Mobileye","Automotive","l","Senior Software Engineer - C++ Embedded Systems (Autonomous Driving)","Engineer","ירושלים","https://il.linkedin.com/jobs/view/senior-software-engineer-c%2B%2B-embedded-systems-autonomous-driving-at-mobileye-4447647823?utm_source=techmap&utm_medium=csv&utm_campaign=github&utm_term=apply","2026-09-14"
"Israel Aerospace Industries","Aerospace","l","Servo Engineer","Engineer","לוד","https://il.linkedin.com/jobs/view/servo-engineer-at-iai-israel-aerospace-industries-4440125841?utm_source=techmap&utm_medium=csv&utm_campaign=github&utm_term=apply","2026-09-14"
"Pecan AI","AI/ML","m","Senior Back End Engineer","Engineer","רמת גן","https://il.linkedin.com/jobs/view/senior-back-end-engineer-at-pecan-ai-4465722332?utm_source=techmap&utm_medium=csv&utm_campaign=github&utm_term=apply","2026-09-14"
"SimilarWeb","Productivity","l","Senior Full Stack Developer","Engineer","גבעתיים","https://il.linkedin.com/jobs/view/senior-full-stack-developer-at-similarweb-4458186392?utm_source=techmap&utm_medium=csv&utm_campaign=github&utm_term=apply","2026-09-14"
"Wix","E-commerce & Retail","l","xEngineer Team Lead for Document Management","Manager","מתחם גלילות","https://il.linkedin.com/jobs/view/xengineer-team-lead-for-document-management-at-wix-4462162853?utm_source=techmap&utm_medium=csv&utm_campaign=github&utm_term=apply","2026-09-14"
"Valens","Semiconductors","l","Embedded Software Engineer","Engineer","הוד השרון","https://il.linkedin.com/jobs/view/embedded-software-engineer-at-valens-semiconductor-4437257941?utm_source=techmap&utm_medium=csv&utm_campaign=github&utm_term=apply","2026-09-14"
"Israel Aerospace Industries","Aerospace","l","Manufacturing Engineer","Engineer","אשדוד","https://il.linkedin.com/jobs/view/manufacturing-engineer-at-iai-israel-aerospace-industries-4464766388?utm_source=techmap&utm_medium=csv&utm_campaign=github&utm_term=apply","2026-09-14"
"Mobileye","Automotive","l","Experienced C++ Developer","Engineer","ירושלים","https://il.linkedin.com/jobs/view/experienced-c%2B%2B-developer-at-mobileye-4438987057?utm_source=techmap&utm_medium=csv&utm_campaign=github&utm_term=apply","2026-09-14"
"Mobileye","Automotive","l","Senior C Software Engineer","Engineer","ירושלים","https://il.linkedin.com/jobs/view/senior-c-software-engineer-at-mobileye-4465786397?utm_source=techmap&utm_medium=csv&utm_campaign=github&utm_term=apply","2026-09-14"
"Israel Aerospace Industries","Aerospace","l","Integration Engineer","Engineer","אשדוד","https://il.linkedin.com/jobs/view/integration-engineer-at-iai-israel-aerospace-industries-4464773401?utm_source=techmap&utm_medium=csv&utm_campaign=github&utm_term=apply","2026-09-14"
"Palo Alto Networks","Cybersecurity","xl","Principal/Senior Engineer Software - Data Security (Cortex Cloud)","Engineer","תל אביב-יפו","https://il.linkedin.com/jobs/view/principal-senior-engineer-software-data-security-cortex-cloud-at-palo-alto-networks-4437216548?utm_source=techmap&utm_medium=csv&utm_campaign=github&utm_term=apply","2026-09-14"
"Palo Alto Networks","Cybersecurity","xl","Principal Engineer Software- Authentication Team (Idira)","Engineer","תל אביב-יפו","https://il.linkedin.com/jobs/view/principal-engineer-software-authentication-team-idira-at-palo-alto-networks-4445837706?utm_source=techmap&utm_medium=csv&utm_campaign=github&utm_term=apply","2026-09-14"
"Palo Alto Networks","Cybersecurity","xl","Sr Staff Engineer Software- Authentication Team (Idira)","Engineer","תל אביב-יפו","https://il.linkedin.com/jobs/view/sr-staff-engineer-software-authentication-team-idira-at-palo-alto-networks-4445848522?utm_source=techmap&utm_medium=csv&utm_campaign=github&utm_term=apply","2026-09-14"
"Palo Alto Networks","Cybersecurity","xl","Principal Software Engineer – Identity SSO (Idira)","Engineer","תל אביב-יפו","https://il.linkedin.com/jobs/view/principal-software-engineer-%E2%80%93-identity-sso-idira-at-palo-alto-networks-4445837325?utm_source=techmap&utm_medium=csv&utm_campaign=github&utm_term=apply","2026-09-14"
"Israel Aerospace Industries","Aerospace","l","Structural & Dynamics Engineer","Engineer","לוד","https://il.linkedin.com/jobs/view/structural-dynamics-engineer-at-iai-israel-aerospace-industries-4440142150?utm_source=techmap&utm_medium=csv&utm_campaign=github&utm_term=apply","2026-09-14"
"Israel Aerospace Industries","Aerospace","l","Navigation System Engineer","Engineer","לוד","https://il.linkedin.com/jobs/view/navigation-system-engineer-at-iai-israel-aerospace-industries-4440139211?utm_source=techmap&utm_medium=csv&utm_campaign=github&utm_term=apply","2026-09-14"
"Israel Aerospace Industries","Aerospace","l","Senior System Engineer","Engineer","לוד","https://il.linkedin.com/jobs/view/senior-system-engineer-at-iai-israel-aerospace-industries-4440147067?utm_source=techmap&utm_medium=csv&utm_campaign=github&utm_term=apply","2026-09-14"
"Israel Aerospace Industries","Aerospace","l","Senior Signal Processing Systems Engineer","Engineer","לוד","https://il.linkedin.com/jobs/view/senior-signal-processing-systems-engineer-at-iai-israel-aerospace-industries-4440144117?utm_source=techmap&utm_medium=csv&utm_campaign=github&utm_term=apply","2026-09-14"
"KLA","Robotics & Automation","l","R&D System Integration","Engineer","מגדל העמק","https://il.linkedin.com/jobs/view/r-d-system-integration-at-kla-4445842267?utm_source=techmap&utm_medium=csv&utm_campaign=github&utm_term=apply","2026-09-14"
"Empathy","Health","m","Senior Full Stack Developer","Engineer","גבעת עדה","https://il.linkedin.com/jobs/view/senior-full-stack-developer-at-empathy-4367938257?utm_source=techmap&utm_medium=csv&utm_campaign=github&utm_term=apply","2026-09-12"
"Play Perfect","Digital Media","m","Backend Team Lead","Manager","תל אביב-יפו","https://il.linkedin.com/jobs/view/backend-team-lead-at-play-perfect-4463995481?utm_source=techmap&utm_medium=csv&utm_campaign=github&utm_term=apply","2026-09-11"
"UVeye","Robotics & Automation","m","Engineering Director","Executive","תל אביב-יפו","https://il.linkedin.com/jobs/view/engineering-director-at-uveye-4466069506?utm_source=techmap&utm_medium=csv&utm_campaign=github&utm_term=apply","2026-09-11"
"Dream Security","Cybersecurity","m","Engineering Team Lead (Triage)","Manager","רמת גן","https://il.linkedin.com/jobs/view/engineering-team-lead-triage-at-dream-4452362788?utm_source=techmap&utm_medium=csv&utm_campaign=github&utm_term=apply","2026-09-11"
"Mobileye","Automotive","l","Software Integration and Field Application Engineer","Engineer","ירושלים","https://il.linkedin.com/jobs/view/software-integration-and-field-application-engineer-at-mobileye-4437061278?utm_source=techmap&utm_medium=csv&utm_campaign=github&utm_term=apply","2026-09-11"
"Glassix Solutions","Productivity","s","Junior Fullstack Developer","Engineer","תל אביב-יפו","https://il.linkedin.com/jobs/view/junior-fullstack-developer-at-glassix-4466323118?utm_source=techmap&utm_medium=csv&utm_campaign=github&utm_term=apply","2026-09-11"
"Plus500","Fintech","l","Experienced Backend Software Engineer (TLV)","Engineer","חיפה","https://www.comeet.com/jobs/plus500/A1.00F/experienced-backend-software-engineer-tlv/E7.847?utm_source=techmap&utm_medium=csv&utm_campaign=github&utm_term=apply","2026-09-10"
"NextSilicon","Semiconductors","l","Software Engineer - CodeGen","Engineer","גבעתיים","https://www.comeet.com/jobs/nextsilicon/18.007/software-engineer---codegen/EF.26A?utm_source=techmap&utm_medium=csv&utm_campaign=github&utm_term=apply","2026-09-10"
"Locusview","IoT","m","Senior Full Stack Engineer","Engineer","הרצליה","https://il.linkedin.com/jobs/view/senior-full-stack-engineer-at-locusview-4465635334?utm_source=techmap&utm_medium=csv&utm_campaign=github&utm_term=apply","2026-09-10"
"Utila","Fintech","s","Senior Backend Engineer","Engineer","תל אביב-יפו","https://il.linkedin.com/jobs/view/senior-backend-engineer-at-utila-4465841265?utm_source=techmap&utm_medium=csv&utm_campaign=github&utm_term=apply","2026-09-10"
"Noma Security","Cybersecurity","s","Solution Architect","Architect","תל אביב-יפו","https://il.linkedin.com/jobs/view/solution-architect-at-noma-security-4464559973?utm_source=techmap&utm_medium=csv&utm_campaign=github&utm_term=apply","2026-09-10"
"mPrest","IoT","m","System Engineer","Engineer","פתח תקווה","https://il.linkedin.com/jobs/view/system-engineer-at-mprest-4463426509?utm_source=techmap&utm_medium=csv&utm_campaign=github&utm_term=apply","2026-09-10"
"DriveNets","Productivity","l","AI Workflow Engineer – System Architecture","Architect","רעננה","https://il.linkedin.com/jobs/view/ai-workflow-engineer-%E2%80%93-system-architecture-at-drivenets-4464568397?utm_source=techmap&utm_medium=csv&utm_campaign=github&utm_term=apply","2026-09-10"
"Stratasys","Robotics & Automation","l","Sr. System Engineer","Engineer","רחובות","https://il.linkedin.com/jobs/view/sr-system-engineer-at-stratasys-4414138285?utm_source=techmap&utm_medium=csv&utm_campaign=github&utm_term=apply","2026-09-10"
"Israel Aerospace Industries","Aerospace","l","Planning & Control Engineer","Engineer","לוד","https://il.linkedin.com/jobs/view/planning-control-engineer-at-iai-israel-aerospace-industries-4463427778?utm_source=techmap&utm_medium=csv&utm_campaign=github&utm_term=apply","2026-09-10"
"Rafael Advanced Defense Systems","Aerospace","l","System Development Engineer","Engineer","חיפה","https://il.linkedin.com/jobs/view/system-development-engineer-at-rafael-advanced-defense-systems-4429219577?utm_source=techmap&utm_medium=csv&utm_campaign=github&utm_term=apply","2026-09-10"
"Israel Shipyards","Aerospace","m","Systems Engineer – Unmanned Surface Vessel (USV)","Engineer","חיפה","https://il.linkedin.com/jobs/view/systems-engineer-%E2%80%93-unmanned-surface-vessel-usv-at-israel-shipyards-ltd-4464191447?utm_source=techmap&utm_medium=csv&utm_campaign=github&utm_term=apply","2026-09-10"
"Bright Data","AdTech","l","Senior Backend JavaScript Developer","Engineer","נתניה","https://il.linkedin.com/jobs/view/senior-backend-javascript-developer-at-bright-data-4464101109?utm_source=techmap&utm_medium=csv&utm_campaign=github&utm_term=apply","2026-09-09"
"Voyantis","AdTech","m","Software Engineer - Data Platform","Engineer","תל אביב-יפו","https://il.linkedin.com/jobs/view/software-engineer-data-platform-at-voyantis-4458173867?utm_source=techmap&utm_medium=csv&utm_campaign=github&utm_term=apply","2026-09-09"
"Zenity","Cybersecurity","s","Senior Software Engineer","Engineer","תל אביב-יפו","https://il.linkedin.com/jobs/view/senior-software-engineer-at-zenity-4460956222?utm_source=techmap&utm_medium=csv&utm_campaign=github&utm_term=apply","2026-09-09"
"Rafael Advanced Defense Systems","Aerospace","l","Software Quality Engineer","Engineer","חיפה","https://il.linkedin.com/jobs/view/software-quality-engineer-at-rafael-advanced-defense-systems-4465046850?utm_source=techmap&utm_medium=csv&utm_campaign=github&utm_term=apply","2026-09-09"
"Nominal","Productivity","s","Lead Engineer","Engineer","ראשון לציון","https://www.comeet.com/jobs/nominal/E8.003/lead-engineer/D5.276?utm_source=techmap&utm_medium=csv&utm_campaign=github&utm_term=apply","2026-09-08"
"Mitiga","Cybersecurity","m","Senior SW Engineer","Engineer","תל אביב-יפו","https://il.linkedin.com/jobs/view/senior-sw-engineer-at-mitiga-4463255076?utm_source=techmap&utm_medium=csv&utm_campaign=github&utm_term=apply","2026-09-08"
"HiBob","Productivity","l","Senior IT Platform Engineer","Engineer","תל אביב-יפו","https://il.linkedin.com/jobs/view/senior-it-platform-engineer-at-hibob-4464457855?utm_source=techmap&utm_medium=csv&utm_campaign=github&utm_term=apply","2026-09-08"
"Sunbit","Fintech","l","Senior Python Developer","Engineer","תל אביב-יפו","https://il.linkedin.com/jobs/view/senior-python-developer-at-sunbit-4464616743?utm_source=techmap&utm_medium=csv&utm_campaign=github&utm_term=apply","2026-09-08"
"Sunbit","Fintech","l","Full Stack Engineer","Engineer","בנימינה","https://il.linkedin.com/jobs/view/full-stack-engineer-at-sunbit-4464620741?utm_source=techmap&utm_medium=csv&utm_campaign=github&utm_term=apply","2026-09-08"
"Sunbit","Fintech","l","Lead Software Engineer","Engineer","תל אביב-יפו","https://il.linkedin.com/jobs/view/lead-software-engineer-at-sunbit-4464618684?utm_source=techmap&utm_medium=csv&utm_campaign=github&utm_term=apply","2026-09-08"
"abra","Productivity","l","AI Embedded Software Engineer","Engineer","רעננה","https://il.linkedin.com/jobs/view/ai-embedded-software-engineer-at-abra-4463256148?utm_source=techmap&utm_medium=csv&utm_campaign=github&utm_term=apply","2026-09-08"
"Wix","E-commerce & Retail","l","Senior xEngineer (Backend Oriented) - User Voice","Engineer","מתחם גלילות","https://il.linkedin.com/jobs/view/senior-xengineer-backend-oriented-user-voice-at-wix-4461000093?utm_source=techmap&utm_medium=csv&utm_campaign=github&utm_term=apply","2026-09-08"
"Israel Aerospace Industries","Aerospace","l","Antenna Development Engineer","Engineer","אשדוד","https://il.linkedin.com/jobs/view/antenna-development-engineer-at-iai-israel-aerospace-industries-4462515008?utm_source=techmap&utm_medium=csv&utm_campaign=github&utm_term=apply","2026-09-08"
"Weebit Nano","Semiconductors","s","Failure Analysis Engineer","Engineer","הוד השרון","https://il.linkedin.com/jobs/view/failure-analysis-engineer-at-weebit-nano-ltd-4462950213?utm_source=techmap&utm_medium=csv&utm_campaign=github&utm_term=apply","2026-09-07"
"Salt Security","Cybersecurity","m","Platform Engineer","Engineer","תל אביב-יפו","https://il.linkedin.com/jobs/view/platform-engineer-at-salt-security-4464327839?utm_source=techmap&utm_medium=csv&utm_campaign=github&utm_term=apply","2026-09-07"
"Kramer Electronics","Telecommunications","l","Engineering Team Manager","Manager","ירושלים","https://il.linkedin.com/jobs/view/engineering-team-manager-at-kramer-4464386200?utm_source=techmap&utm_medium=csv&utm_campaign=github&utm_term=apply","2026-09-07"
"Camtek","Semiconductors","l","PM & System Engineer","Engineer","מגדל העמק","https://il.linkedin.com/jobs/view/pm-system-engineer-at-camtek-4462204361?utm_source=techmap&utm_medium=csv&utm_campaign=github&utm_term=apply","2026-09-07"
"Israel Aerospace Industries","Aerospace","l","System Engineer","Engineer","לוד","https://il.linkedin.com/jobs/view/system-engineer-at-iai-israel-aerospace-industries-4461888811?utm_source=techmap&utm_medium=csv&utm_campaign=github&utm_term=apply","2026-09-07"
"Israel Aerospace Industries","Aerospace","l","System Performance Engineer","Engineer","אשדוד","https://il.linkedin.com/jobs/view/system-performance-engineer-at-iai-israel-aerospace-industries-4462219105?utm_source=techmap&utm_medium=csv&utm_campaign=github&utm_term=apply","2026-09-07"
"CEVA","Productivity","l","System Architect","Architect","הרצליה","https://www.comeet.com/jobs/ceva/76.005/system-architect/15.F64?utm_source=techmap&utm_medium=csv&utm_campaign=github&utm_term=apply","2026-09-06"
"Navina Technologies","Health","m","Senior Software Architect","Architect","תל אביב-יפו","https://il.linkedin.com/jobs/view/senior-software-architect-at-navina-4434581238?utm_source=techmap&utm_medium=csv&utm_campaign=github&utm_term=apply","2026-09-06"
"Voyantis","AdTech","m","Senior Software Engineer - Innovation Team","Engineer","תל אביב-יפו","https://il.linkedin.com/jobs/view/senior-software-engineer-innovation-team-at-voyantis-4445349313?utm_source=techmap&utm_medium=csv&utm_campaign=github&utm_term=apply","2026-09-06"
"Blink","Productivity","m","Backend Engineer","Engineer","תל אביב-יפו","https://il.linkedin.com/jobs/view/backend-engineer-at-blinkops-4464037261?utm_source=techmap&utm_medium=csv&utm_campaign=github&utm_term=apply","2026-09-06"
"Duve","E-commerce & Retail","m","Senior Backend Engineer - (Platform)","Engineer",,"https://il.linkedin.com/jobs/view/senior-backend-engineer-platform-at-duve-4464035797?utm_source=techmap&utm_medium=csv&utm_campaign=github&utm_term=apply","2026-09-06"
"INFINIDAT","Productivity","l","C++ Software Engineer - NAS Group","Engineer","הרצליה","https://il.linkedin.com/jobs/view/c%2B%2B-software-engineer-nas-group-at-infinidat-4464025946?utm_source=techmap&utm_medium=csv&utm_campaign=github&utm_term=apply","2026-09-06"
"Maxlinear","Semiconductors","xl","Embedded Software Engineer","Engineer","פתח תקווה","https://il.linkedin.com/jobs/view/embedded-software-engineer-at-maxlinear-4447884789?utm_source=techmap&utm_medium=csv&utm_campaign=github&utm_term=apply","2026-09-06"
"Pipl","Cybersecurity","m","Full Stack Engineer (Backend Oriented)","Engineer","תל אביב-יפו","https://il.linkedin.com/jobs/view/full-stack-engineer-backend-oriented-at-pipl-4464025342?utm_source=techmap&utm_medium=csv&utm_campaign=github&utm_term=apply","2026-09-06"
"NetApp","Cloud Computing","m","Back End Developer","Engineer","תל אביב-יפו","https://il.linkedin.com/jobs/view/back-end-developer-at-netapp-4464015312?utm_source=techmap&utm_medium=csv&utm_campaign=github&utm_term=apply","2026-09-06"
"Legit Security","Cybersecurity","m","Senior Software Engineer","Engineer","תל אביב-יפו","https://www.comeet.com/jobs/legitsecurity.com/37.004/senior-software-engineer/DE.E6E?utm_source=techmap&utm_medium=csv&utm_campaign=github&utm_term=apply","2026-09-04"
"ScyllaDB","Cloud Computing","l","Solution Architect (Israel)","Architect","הרצליה","https://www.comeet.com/jobs/scylladb/E4.006/solution-architect-israel/1E.C62?utm_source=techmap&utm_medium=csv&utm_campaign=github&utm_term=apply","2026-09-03"
"NextSilicon","Semiconductors","l","Emulation Engineer","Engineer","גבעתיים","https://www.comeet.com/jobs/nextsilicon/18.007/emulation-engineer/DA.031?utm_source=techmap&utm_medium=csv&utm_campaign=github&utm_term=apply","2026-09-03"
"Guardio","Cybersecurity","m","Frontend Tech Lead","Tech Lead","תל אביב-יפו","https://www.comeet.com/jobs/guardio/57.000/frontend-tech-lead/1D.073?utm_source=techmap&utm_medium=csv&utm_campaign=github&utm_term=apply","2026-09-03"
"Legit Security","Cybersecurity","m","Head of Engineering","Executive","תל אביב-יפו","https://www.comeet.com/jobs/legitsecurity.com/37.004/head-of-engineering/93.276?utm_source=techmap&utm_medium=csv&utm_campaign=github&utm_term=apply","2026-09-03"
"VAST Data","Cloud Computing","l","SW Development Team Leader","Manager","תל אביב-יפו","https://www.comeet.com/jobs/vastdata/43.001/sw-development-team-leader/1F.919?utm_source=techmap&utm_medium=csv&utm_campaign=github&utm_term=apply","2026-09-02"
"WeTrip","E-commerce & Retail","s","Senior Backend Engineer","Engineer","הרצליה","https://www.comeet.com/jobs/weski/F8.00C/senior-backend-engineer/48.B47?utm_source=techmap&utm_medium=csv&utm_campaign=github&utm_term=apply","2026-08-30"
"WeTrip","E-commerce & Retail","s","Senior Full Stack Engineer","Engineer","הרצליה","https://www.comeet.com/jobs/weski/F8.00C/senior-full-stack-engineer/AB.B35?utm_source=techmap&utm_medium=csv&utm_campaign=github&utm_term=apply","2026-08-30"
"BIRD Aerosystems","Aerospace","m","EO System Engineer","Engineer","הרצליה","https://www.comeet.com/jobs/birdaero/97.006/eo-system-engineer/B6.861?utm_source=techmap&utm_medium=csv&utm_campaign=github&utm_term=apply","2026-08-27"
"Clinch","AdTech","m","Senior Backend Developer","Engineer","קיסריה","https://www.comeet.com/jobs/clinch/42.007/senior-backend-developer/14.067?utm_source=techmap&utm_medium=csv&utm_campaign=github&utm_term=apply","2026-08-26"
"Legit Security","Cybersecurity","m","Engineering Tech Lead","Tech Lead","תל אביב-יפו","https://www.comeet.com/jobs/legitsecurity.com/37.004/engineering-tech-lead/6B.D6B?utm_source=techmap&utm_medium=csv&utm_campaign=github&utm_term=apply","2026-08-24"
"CEVA","Productivity","l","AI NPU Simulator Software Developer","Engineer","הרצליה","https://www.comeet.com/jobs/ceva/76.005/ai-npu-simulator-software-developer/82.F6C?utm_source=techmap&utm_medium=csv&utm_campaign=github&utm_term=apply","2026-08-23"
"CEVA","Productivity","l","Senior Compiler Engineer","Engineer","הרצליה","https://www.comeet.com/jobs/ceva/76.005/senior-compiler-engineer/4C.F6C?utm_source=techmap&utm_medium=csv&utm_campaign=github&utm_term=apply","2026-08-23"
"BIRD Aerosystems","Aerospace","m","Radar Systems Engineer","Engineer","הרצליה","https://www.comeet.com/jobs/birdaero/97.006/radar-systems-engineer/A5.863?utm_source=techmap&utm_medium=csv&utm_campaign=github&utm_term=apply","2026-08-20"
"VAST Data","Cloud Computing","l","Python Expert developer","Engineer","תל אביב-יפו","https://www.comeet.com/jobs/vastdata/43.001/python-expert-developer/BC.D6E?utm_source=techmap&utm_medium=csv&utm_campaign=github&utm_term=apply","2026-08-19"
"Arpeely","AdTech","m","C++ Developer","Engineer","תל אביב-יפו","https://www.comeet.com/jobs/arpeely/57.001/c-developer/FB.55E?utm_source=techmap&utm_medium=csv&utm_campaign=github&utm_term=apply","2026-08-19"
"Vectorious Medical Technologies","Health","m","Research Engineer - Device Physics","Engineer","תל אביב-יפו","https://www.comeet.com/jobs/vectoriousmedtech/68.003/research-engineer---device-physics/8B.56E?utm_source=techmap&utm_medium=csv&utm_campaign=github&utm_term=apply","2026-08-17"
"Anchor","Fintech","s","Senior Backend Developer","Engineer","תל אביב-יפו","https://www.comeet.com/jobs/anchorfintech/87.00D/senior-backend-developer/B9.D41?utm_source=techmap&utm_medium=csv&utm_campaign=github&utm_term=apply","2026-08-13"
"VAST Data","Cloud Computing","l","Data Path Senior Software Engineer","Engineer","תל אביב-יפו","https://www.comeet.com/jobs/vastdata/43.001/data-path-senior-software-engineer/96.614?utm_source=techmap&utm_medium=csv&utm_campaign=github&utm_term=apply","2026-08-11"
"Ceragon Networks","Telecommunications","l","RF System Architect","Architect","ראש העין","https://www.comeet.com/jobs/Ceragon/D3.003/rf-system-architect/E8.765?utm_source=techmap&utm_medium=csv&utm_campaign=github&utm_term=apply","2026-07-23"
"SolarEdge Technologies","Sustainable Technology","l","Power Engineering Tech Lead","Tech Lead","הרצליה","https://www.comeet.com/jobs/SolarEdge/71.00A/power-engineering-tech-lead/18.E62?utm_source=techmap&utm_medium=csv&utm_campaign=github&utm_term=apply","2026-07-23"
"Enercon","Aerospace","m","Networking Application Engineer","Engineer","נתניה","https://www.comeet.com/jobs/enercon/A4.00D/networking-application-engineer/6A.968?utm_source=techmap&utm_medium=csv&utm_campaign=github&utm_term=apply","2026-07-22"
"SolarEdge Technologies","Sustainable Technology","l","Programmer SMT & AOI","Engineer","הרצליה","https://www.comeet.com/jobs/SolarEdge/71.00A/programmer-smt--aoi/64.862?utm_source=techmap&utm_medium=csv&utm_campaign=github&utm_term=apply","2026-07-13"
"VAST Data","Cloud Computing","l","Platform Senior Software Engineer","Engineer","תל אביב-יפו","https://www.comeet.com/jobs/vastdata/43.001/platform-senior-software-engineer/96.616?utm_source=techmap&utm_medium=csv&utm_campaign=github&utm_term=apply","2026-07-13"
"VAST Data","Cloud Computing","l","Senior Architect","Architect","תל אביב-יפו","https://www.comeet.com/jobs/vastdata/43.001/senior-architect/4D.D42?utm_source=techmap&utm_medium=csv&utm_campaign=github&utm_term=apply","2026-07-07"
"Exodigo","Robotics & Automation","m","Senior Software Engineer - Data Acquistion (Field Team)","Engineer","תל אביב-יפו","https://www.comeet.com/jobs/exodigo/89.005/senior-software-engineer---data-acquistion-field-team/13.260?utm_source=techmap&utm_medium=csv&utm_campaign=github&utm_term=apply","2026-07-07"
"Enercon","Aerospace","m","R&D Hardware Engineer","Engineer","נתניה","https://www.comeet.com/jobs/enercon/A4.00D/rd-hardware-engineer/84.D69?utm_source=techmap&utm_medium=csv&utm_campaign=github&utm_term=apply","2026-06-25"
"Toka","Cybersecurity","m","Senior Backend Engineer","Engineer","תל אביב-יפו","https://www.comeet.com/jobs/toka/46.00D/senior-backend-engineer/BF.16A?utm_source=techmap&utm_medium=csv&utm_campaign=github&utm_term=apply","2026-06-15"
"Enercon","Aerospace","m","Electronics Engineer for R&D Department","Engineer","נתניה","https://www.comeet.com/jobs/enercon/A4.00D/electronics-engineer-for-rd-department/DF.26C?utm_source=techmap&utm_medium=csv&utm_campaign=github&utm_term=apply","2026-05-14"
"Enercon","Aerospace","m","Magnetic Engineer","Engineer","נתניה","https://www.comeet.com/jobs/enercon/A4.00D/magnetic-engineer/36.669?utm_source=techmap&utm_medium=csv&utm_campaign=github&utm_term=apply","2026-05-11"
"Anchor","Fintech","s","Senior Full Stack Developer","Engineer","תל אביב-יפו","https://www.comeet.com/jobs/anchorfintech/87.00D/senior-full-stack-developer/77.D42?utm_source=techmap&utm_medium=csv&utm_campaign=github&utm_term=apply","2026-03-22"
"Anchor","Fintech","s","Backend Developer","Engineer","תל אביב-יפו","https://www.comeet.com/jobs/anchorfintech/87.00D/backend-developer/B0.24B?utm_source=techmap&utm_medium=csv&utm_campaign=github&utm_term=apply","2025-01-27"
"Cloudinary","Cloud Computing","l","Staff Backend Engineer - Moderation","Engineer","פתח תקווה","https://jobs.lever.co/cloudinary/7d5a3660-5cba-4b63-876a-77096b072e8c?utm_source=techmap&utm_medium=csv&utm_campaign=github&utm_term=apply",""
"Cloudinary","Cloud Computing","l","Staff Backend Engineer- Agent Experience (AX)","Engineer","פתח תקווה","https://jobs.lever.co/cloudinary/5cd7d5b3-2577-4c50-89dd-d11e0448a752?utm_source=techmap&utm_medium=csv&utm_campaign=github&utm_term=apply",""